,candidato,alias,seguido_Por,siguiendo_A,Antiguedad_a√±os,meses
0,Jorge Ventura,jrventura11,587,3867,5,8
1,tadeito,tadeito20,93,1562,2,11
2,Miguel Florentino,MiglasFL,21,497,2,2
3,Mercedes Fern√°ndez,mechefernan,4144,3865,7,1
4,pedro r gonzalez,pedrorafaelgo12,719,2986,4,10
5,Oliver Gonzales P.,olivergonzalesp,172,1363,8,7
6,ciudadano70,ToribioNilton,0,2,0,0
7,Nube luz,Nubeluz76670486,0,126,0,0
8,Felipe Guillermo Herrera Olivos,alphaville40,288,1083,1,9
9,Natalia,lalelinina,4,41,0,1
10,Fabiola :),Fabiola7748,0,57,0,1
11,Vanessa Ruberto,vanessaruberto,75,368,2,3
12,Giomar,gsantdu,52,1560,0,8
13,Paola Quiroz,Chocolobita,374,1674,9,3
14,Erick Rivas,Erick2604,50,1376,9,1
15,Invierno Cruel Mkt7,MoisesTacna,52,1126,0,5
16,Julio Gag√≥ P√©rez,JulioGagoPe,22042,1518,8,10
17,Lima Conecta,limaconecta,55,102,0,0
18,@henzortiz,henzortiz1,13,799,0,2
19,ùî∞ ùî¨ ùî©,CriadoSolange,56,386,0,3
20,C√©sar Antonio L√©vano,Clevanitoh,17,476,5,6
21,Jordran may,MayJordran,1,89,0,4
22,moreno01,vzlanoEnPERU01,120,652,0,0
23,VITOTATAGLIA,Vitotataglia,13,729,6,11
24,Per√∫ D,HubPeruD,586,203,1,3
25,Leo Palacios,LeoPala53142451,0,7,0,0
26,luis juape pariona,juapep,3,86,8,8
27,Micky Burga,bg_micky,220,3098,3,4
28,Carlos Zegarra,CarlosAZegarra1,153,854,8,1
29,Jose Garcia Ortega,windsoundafghan,19,117,7,5
30,livx,luxeim,73,430,2,5
31,Annie Cisneros,Ancisol0513,17,45,2,6
32,Raul Moreno,RaulMor87977108,1,434,0,0
33,NelverTvüî•,nelvertv,2983,3680,4,2
34,WIZAP,wizagp,6938,6351,8,3
35,Carlos Garc√©s,carlos_garcs,43,681,5,8
36,marta florido,marfloridol,2,71,6,2
37,jhon chavez quispe,ndx1997,62,1619,3,2
38,johana rojas,johana_rojas4,209,534,8,2
39,Mano Alzada,manoalzadalima,965,3353,0,7
40,Ronald Galarza,ROVIGH,116,1864,7,7
41,AŒ∑g—î‚ÑìŒπzŒ±‚ôå,lilli_arita,50,194,8,9
42,Loo Paredes,LooParedes,49,528,1,3
43,Erick Castillo Documet,EDocumet,86,1133,0,5
44,Limecko,Limecko,9,193,0,3
45,Elaine Ford,elaforde,1716,1567,9,3
46,Johar,johartaki30,12,158,1,0
47,Jose campos alvarado,Josecamposalva2,0,1,0,0
48,Eduardo Aburto,AburtoEduaburto,0,85,0,10
49,Stephany Gonzales,Stephany161197,5,105,3,10
50,CORPORACI√ìN S&D SAC,cosodesacperu,314,1035,5,9
51,FPC J L,LuzPaol76544723,340,3417,1,4
52,Sergio Mejia Guadamu,searchwmg,39,721,7,8
53,Nidia Caja,ncajapoma,289,783,4,8
54,Jose Arredondo Maco,arredondomania,69,548,9,3
55,Roberto S√°nchez P.,RoberthoSanchez,1316,1629,6,8
56,Pepe Bocafloja,PepeBocafloja,111,1350,4,2
57,eloisap,eloisanavarro9,4,16,0,11
58,Sereny Pamela,pamela_sereny,2,17,0,1
59,Ramiro Gonzales,RamiroMusiPeru,6,39,0,1
60,Claudia Talledo,ClauTalledo,395,1330,6,5
61,Brayan Cueva Cabrera,BrayanCuevaCab1,41,636,0,10
62,Chicopucp,Chicopucp2,64,1905,0,4
63,Christian Alfonso,Chrisal45,2,20,0,0
64,alejandro freddy,alejandrofredd7,1,44,0,1
65,Jos√© Manuel Pelaez,manolonbc,43,592,9,2
66,Gustavo Pajares,PajaresGustavo,26,686,0,1
67,Rafael Letts,rafaelletts,128,871,9,5
68,Juan Daniel,danieltheboycom,576,2041,7,10
69,miguel,miguel55233937,0,13,0,5
70,Jhonny C√©sar,peruvian_player,418,431,8,6
71,Jonatan Abad B.,JonatanAbadB,247,3131,4,3
72,Luis Carlos Manrique,LuisManriq7,67,2567,1,7
73,Jose Quesada S.,jquesadas,384,2803,9,6
74,Critica Libre,Critica_Libre,795,895,6,6
75,Janet Leiva,JLeivaD,275,1537,8,4
76,Radio Stereo Villa,stereovilla_ves,883,674,7,3
77,BadLycan,AAMM2,106,109,7,9
78,Azul2395,azul2395,0,16,0,0
79,El Indiecito,jan_heavy,20,4229,8,5
80,mariana claudia,sanbartolovene1,25,364,4,1
81,Fabio Aurelio Tonani,aureliotonanih,62,128,0,9
82,jose sedano,jast_cemik,20,178,7,3
83,RICHARD TAPIA,rtapia357,1291,3615,8,4
84,Willie V√°squez,elpaki,2939,1470,10,6
85,C√©sar Bejarano,CesarBejarano21,1521,2037,7,0
86,Peruanos de a pie,DeapiePE,3925,2381,4,2
87,MINA avatelpe,ventas_vision,254,2934,0,11
88,Birkin Bag,Birkinbag,38,720,9,4
89,Fernando Narvarte C.,fnarvartec,1723,4045,9,5
90,Ricardo Ramirez Luna,cocacolafan01,19,90,7,1
91,Ximena C√©spedes,ailurofilie,22,153,0,1
92,Armando Mu√±oz,Armando35236560,38,1613,0,1
93,Diego  Coronado,2Ccoronado,23,187,8,10
94,Elver Gatieza,perritoperu_ano,392,241,0,10
95,Edwin Carre√±o Egas,edwincarreno,701,4089,7,8
96,Javier Lazarte,javier_lazarte_,86,1375,2,5
97,Ecum√©nicoGolden,GoldenPeru2,16,242,0,10
98,ignacio enrique,eltalivan_23,832,3565,8,3
99,Juan Pablo Vargas,juanpablova2,66,441,4,1
100,Pedro Ortiz Bisso,orbisa35,34712,3471,9,5
101,Paloma Noceda,PalomaNoceda,16094,1501,5,1
102,Marta Rodr√¨guez,Martalrkoch,1065,901,3,7
103,Coco sin K!,Comanche27,35,466,7,3
104,irene salcedo,irene_salcedo,13,269,6,2
105,Persiano12345678,persiano123456,15,492,0,2
106,Sebastian Espinoza B,sebas007E,45,263,3,1
107,Gustavo Costa,gcr1973,27,917,6,1
108,Mateo Ducato,mateo_ducato,31,428,1,4
109,AerolineaMachuPicchuCusco,AerolineaCuzco,64,1935,0,7
110,Abigayl Falla C.,AbigaylC,286,999,5,7
111,Andres Palacios,andrespalaciosv,423,886,8,9
112,cesar farro,cesarfarro,1279,2269,9,2
113,rob,robertrr86,3,57,6,8
114,Omar,16Omar07,186,1696,5,0
115,Sasha Chumpitaz üíö,SashaChumpitaz,306,724,8,11
116,Maricrisis,cris0g,81,382,5,8
117,LiviaFlorez,liviaflorezPeru,3,16,0,2
118,Rey Cucho,CuchoReynaldo,13,117,1,9
119,luz,luz54012921,12,79,0,3
120,Victor carrasco,Victor27547416,1654,4974,0,7
121,Riordan GP,RiordanGP,0,51,4,1
122,Ximena Ramos.,ximenaramosb,2081,2476,6,1
123,Andrea Alonso,andrea_9517,160,947,8,1
124,Cesar Peirano,cesarpeirano,3771,3527,9,4
125,William David Sotero,dsoteroh,73,737,7,5
126,Catherine Milagros,catherinparedes,396,1901,9,3
127,Elizabeth,elibeth662,3,66,0,1
128,Patricio Huilcar üáµüá™,tagacat,4,294,7,8
129,Escuela del Voto,escuelaDelVoto,0,23,0,1
130,Magnolia Elizabeth Trujillo Pinto,Magnolia_ETP,2,28,0,2
131,Jorge murillo,jorgemu95633391,60,687,4,2
132,Sindicato De Trabajadores Parque de Las Leyendas,sindicato_las,6,80,0,1
133,Richard Arroyo,Richard101708,21,103,1,5
134,√ÅngelAr√©valo,aarevalo03,1047,975,5,5
135,Aldo Facho Dede,Aldo_FD,76,52,1,9
136,Antonio Flores Gavil√°n,Antonio42242248,15,244,0,1
137,TOKIO,TokioCasaDPapel,208,1445,0,3
138,PER√ö VALIENTE,yuliancontigo,51,1188,3,1
139,Mario,Mario93370248,0,55,0,1
140,Jorge Zavaleta,cuto_014,259,122,6,1
141,juan angulo ibarra,merchanmarine,216,1580,8,5
142,Eduardo Torres,EduNoName,1,63,2,6
143,Mari_frankpe@yahoo.es,FrankpeMari,14,911,0,3
144,Jonathan Albert Smith,Jonatha32737485,1,82,0,9
145,Giul,giulicollacci,1,558,3,7
146,CIRO SILVA PAREDES,CIROSILVAPAREDE,422,1790,7,6
147,EmilioNicolichAlcalde,ENicolichAlcald,1,23,0,1
148,paopelaez,paopelaez2,0,11,0,1
149,ENPUNTO MUNICIPAL,enpuntomuni,160,1277,8,7
150,Enrique Valderrama,Valderrama_En,3640,3298,8,10
151,Fiorella Batalla,fionosecalla,9,137,0,5
152,Anilu,anacepareja,586,1531,2,5
153,jacobo,ruiz_jacobo,61,352,6,8
154,LaBicentenaria,LBicentenaria,69,1267,0,1
155,Federico Clemente,FedericoClemen8,212,1941,0,8
156,Poliser Tarrillo Bustamante,POLISERTARRI94,26,501,0,8
157,üíúüíúMelita77üíúüíú,Melita774,150,185,0,5
158,Christian Tinoco S√°nchez,Josechris,318,1913,9,3
159,Tere Garcia,tere27enero1,681,2274,2,10
160,Kike Bravo Prado,KikeBravoPrado,16734,1946,9,2
161,Diana Castro,dianacastro2809,118,560,4,6
162,Mario Zorrilla.,Mariozp18,165,1417,2,11
163,Renato Silva,RenatoSilv4,364,1386,5,7
164,Marielita,Marieli90494380,0,1,0,1
165,La Voz Surcana,LaVozSurcana,31,151,0,1
166,Juan Coquis,jcoquis71,3,88,7,0
167,Horacio Bustamante,Horacio23054248,2,76,0,1
168,Dina Rivarola,RivarolaDina,19,155,0,7
169,Trendy Drivers,trendydrivers_,1060,2385,2,4
170,Marco Delgado,mdsucari,21,176,5,0
171,Mary Yugo,MARYUGO,11,160,8,5
172,christopher,cjnet123,22,415,3,6
173,Nora Albarrac√≠n,nora_albarracin,59,536,8,11
174,VictorHugo Hern√°ndez,vhhc50,229,613,7,3
175,Alberto Abarca,Alberto0170,10,216,8,9
176,Jhon K. Capcha Salas,jcapchasalas,67,1499,6,9
177,Cholega,Cholega,669,1535,9,0
178,Rodrigo Winder,RoWinFlo,114,352,7,6
179,Kemal,Kemal_Soydere_1,4,812,1,1
180,Renato Le√≥n,rleon_r,347,2399,6,2
181,Gloria Granda G.,gloriagrandag,1158,825,3,2
182,The Power,rubenorbegozo,10,44,4,6
183,Amour,damnthing17,369,2387,6,11
184,Alexis Castillo,alexisnoticia,4180,3357,7,4
185,Vitto R.,vitto31810137,77,209,2,5
186,Juan Chavez,Juancho_chape,5,47,0,1
187,Guillermo G√≥mez,Guillermo345678,1,584,1,6
188,Jose Luis Castillo,jose_0595,274,765,5,3
189,Franklin Ferrer,DrMarabino,74,790,1,10
190,Endersson Marrero,Endy_Marrero,2378,2800,9,1
191,Manuel Su√°rez,ManuelS28425007,1,237,0,10
192,Mark2018,Mark20184,0,109,0,2
193,Noahoule  #Dinosaurio :v,NoahouleMC,55,450,1,0
194,Alberto Villaizan,avillaizan,27,199,7,8
195,L.A.,lavegam79,8,89,5,2
196,Jaime Mayorga,jaimemayorga,151,623,8,6
197,Yoni,Yoni35041000,9,243,2,3
198,Constanza Mias,cotymias,372,1773,3,8
199,Mila AR,JMARIASRA,227,1114,4,10
200,Eriko,eriko_narcizo,17,48,2,3
201,Caya MRL,cmroserolabbe,442,5001,5,4
202,Diego C. Bardales,diegomcb,79,621,8,7
203,Camila Torres Perez,CamilaTorresPe7,25,204,1,4
204,DenDen,DenDubreuil,59,289,4,6
205,harrylouis,harrylouis122,57,1297,0,9
206,Abel Aguilar,AbelAguilar1959,15,215,0,1
207,FelipeUlises17,FelipeUlises17,1,53,3,1
208,Nancy Arellano,nancyarellano,12960,11495,9,2
209,Sweet Rose,TenderSweetRose,6,98,0,5
210,Minino Mis√°ntropo,JhonAncalle,251,809,5,9
211,Steven Serruya,Steven_Serruya,508,282,9,4
212,mE_DiCeN_jOe,soy_pity,883,686,8,9
213,Hans Heysen Ar√©valo,hansheysen,51,768,7,4
214,AndreaPine2aenz,pine2aenz,25,421,0,2
215,Daniel Boza Colmenares,djsan2425,169,1277,8,11
216,johel asencios novoa,Johelasencios,76,415,5,6
217,elvis quispe p,elvisqperez,23,219,2,8
218,Marycielo Torres,MarycieloT97,141,187,8,8
219,Sergio,Sergiohr95,73,2539,3,3
220,Ruthy SFuster,23_ruthy,209,1860,4,7
221,Juan Carlos Tafur,jctafur,252804,1864,9,3
222,Cinthia Rocha,889Rocha,8,421,2,9
223,Rehay,HReginac,1,40,1,1
224,Marco Medina,MarcoMedina00,152,826,6,10
225,Renzo Gorritti,rgorritti,69,283,5,0
226,Chalequito,klinlll,144,643,6,2
227,Christian CC,jchristian84cc,35,1327,4,5
228,mariepajuelo,mariepajuelo,402,305,6,0
229,Carlos Navarro,elprincipe_cn,311,869,8,3
230,Isaac,isaacesauabad,100,206,5,3
231,Ricardo Ghibellini,rickyGhi,172,609,10,4
232,edgar huayanay ,edgarhuayanay,0,13,3,4
233,JUMALACH,jumalach,6,83,4,6
234,"Akiro "" El Noble""",akiro_el,0,13,0,1
235,El T√∫pac Amaru II,amaru_ii,3,118,0,1
236,Guille,guilleandrespv,3,63,1,4
237,juan bravo,bravojuan_juan,52,765,3,8
238,Guerrero Cultural,GuerreroCultur1,1,17,0,2
239,Mayu,mayu8834,3,60,1,5
240,Troll Detector,DetectorDeTroll,77,19,0,1
241,odyto,1011_cecilia,2,366,3,4
242,Dr. Lecter,hannibal_doctor,235,91,0,5
243,miguel alvarado,malvarado_03,14,465,5,3
244,Harry FC,efece_h20,88,943,8,0
245,El Gas Noticias,elgasnoticias,258,924,1,10
246,SUPSEG,SUPSEGURIDAD,186,4432,8,10
247,Yazm√≠n Bartra,YazzBartra,154,209,2,4
248,Sarita altamirano,SaraltaM,310,820,3,5
249,Abogados Del Pueblo,AbgsDelPueblo,7,6,1,0
250,Maritha EEC,Mari10000123,25,218,1,6
251,Renato Zeballos,caborca_news,165,670,1,6
252,no hay peor ciego que... los fujis.,ainoacel,31,496,7,6
253,Alex Martel Borrovic,alexmborrovic,4,246,2,4
254,Luis Nole,memoriasturbias,70,1248,9,6
255,lel,lel50223744,3,218,0,3
256,Blanca J,bmery22jc,14,570,3,6
257,jose cordova,josecordova3000,44,717,4,11
258,Monagas Bello,monagasbello,387,1087,6,7
259,Eduardo Mujica,Eduardo19936804,1,2,0,1
260,Adsson BCP,adssonbcp,31,830,7,9
261,ü§® Michael MB,Michael_Fat,856,1879,8,9
262,ale,AleAleeo,489,189,6,0
263,Gabriella Robles üíï,GabriellaRoble3,286,506,5,9
264,Henry Vilchez HV,VilchezHv,1,2,0,3
265,William Saga,William46881058,5,302,0,2
266,Huberth Calder√≥n A.,huberthcalderon,39,95,7,11
267,sergio,stapiahelfer,233,1275,8,3
268,Cesarin Hinostroza,CesarinHinostr1,0,17,0,2
269,Leydy,Leydy64969106,2,131,0,10
270,Juan Carlos,JuanCar28650457,3,75,0,2
271,Ricardo Valdivia / ricardo.machines@outlook.com,RicardoValdi12,355,2357,5,11
272,Clarys Carmen,clarys_carmen,131,863,1,6
273,Andr√©s Jhonston,ajhonston_94,206,1010,5,8
274,Claudiavv,Claudiavv6,9,262,0,8
275,CLINICADEOJOS,clinicadeojosof,150,525,1,0
276,luis hijar arestegui,LuisHijarAre,75,380,6,4
277,Anggie Morales,anggiemoralesm,62,279,7,3
278,Sol,cielosm1,809,4032,6,8
279,Sheey Asurza‚ù§,Sheey_asurza19,38,489,7,9
280,@QuintoPoderPer√∫ üáµüá™,QuintoPoderPe,1625,1111,0,3
281,jcpalaciovallejo,jcpalaciovalle2,0,141,0,2
282,Ideeleradio,ideeleradio,68667,1716,9,2
283,Jhonsito Varas ,JhonVaras29,31,2056,3,8
284,J√≥se Rojas,Joroa20,144,1149,7,1
285,Ester Yrigonüå∑üåª,EYrigon,9,183,4,10
286,mirian bautista,napoleoncita,19,31,7,6
287,Marcelitataypoma,Marcelitataypo2,0,52,0,2
288,angel,angel85115980,0,57,0,2
289,Super Troll üíÄ,supertroller01,26,45,0,2
290,Luz Mendoza Chavez,LuzMendozachave,0,57,0,2
291,C√©sar Guerra,CEWAGUS,74,1162,1,9
292,Mariale Ponce,marialeponcer,20,66,5,8
293,Renzo Pacheco,RenzoPacheco12,15,70,0,2
294,Joselito,Joselit02482001,0,45,0,2
295,Miranda_,thebestday27,55,3538,2,2
296,Lourdes Davila,lour_davila,368,1529,6,4
297,Naranja_Podrida,NPodrida,41,233,0,2
298,M√≥nica,Mnica09017487,2,36,1,7
299,DANIEL CESAR CUCHO,dancesar31,9,122,7,2
300,Cecilia Palacios,Cecilia605040,3882,4905,5,7
301,ever reynoso huallan,everreynosoh,347,4977,5,0
302,Gabriel,Angeldelverb777,84,334,0,2
303,ip3335,ip3335,81,351,6,7
304,Fernando Melendez,ferantt,47,818,2,1
305,Laura V√°squez,lauravasquezc_,310,582,8,7
306,Juan Arias Palomino,JuansePeru,52,1132,0,3
307,PACO INCHICAQUE,TELEPACOM,127,456,7,9
308,Sr.Candidato,srcandidato1,104,27,0,2
309,Renee Malpartida,reneemalpartida,32,71,2,3
310,FreidaMP,frileomauripant,102,776,7,4
311,Nathalie Pajuelo,nath_111,419,1338,8,4
312,Enrique,Enrique76898165,1,55,0,2
313,Nikol Yudith Heredia Cusihuaman,NikolYudith,0,62,0,2
314,Jos√©,Jos61950443,2,4553,0,3
315,#Noticias del #Per√∫,peruenlanoticia,55257,15262,4,7
316,sergio morante flore,SergioMoranteF,374,2520,3,8
317,soni gonzales,soni810,74,450,8,8
318,Manu Ayulo Terrazas,terrazas2110,162,2061,4,6
319,H√©ctor Venegas D√≠az,Hvenegasdiaz,1387,4960,1,7
320,Victoria De Sotomayor C.,vicdesoto,501,1232,6,5
321,üáµüá™ El Tiempo Lima,ElTiempoLima,327,5004,0,3
322,George Forsyth,George_Forsyth,19757,117,8,11
323,Camila Robles,CamilaR81454210,21,136,0,2
324,Jose Baez,baejose5,7,262,2,8
325,Daniel Her√°n,danenrhervas,5,352,1,3
326,Informante Municipal,InformanteMuni,5,77,0,2
327,Noe Rocha,norohua,282,3754,2,4
328,Rosa Salinas Cruz,ucvcruz,6,35,5,6
329,jesg2018,jesg2018,0,1774,0,3
330,Juan Francisco Celi,juan_celi,543,1125,8,0
331,Mafee,MafeeRiva17,383,648,7,9
332,Mario Burgos,marioburgos773,38,114,1,9
333,Nahuel Bustamante,nahuebust6,51,205,1,9
334,AgenciaDigitalCaptus,agenciacaptus,21,550,0,5
335,Pedro Heredia,pedroheredia,391,1046,9,3
336,Jerito Aldunate,Jheronsho,16,127,7,11
337,Aaron Hochman,Aaronhochman,64,756,7,4
338,Martin Espinoza,espinoza773922,76,324,1,9
339,miguel venero,miguelvenero1,546,785,6,1
340,C√©sarAlcalde,CsarAlcalde1,7,61,0,3
341,John Huiza Machco,johhui10,448,2915,7,9
342,Percy Romero D,PercyRomeroD1,42,2209,0,3
343,Pabs,PabsRY,164,746,11,7
344,Vegan Channel,veganchannel,22643,4078,8,6
345,Jeyson Roman,JkRomanS,213,420,3,10
346,Jose Sanchez Ponce,JoseSanchezpon1,12,219,0,3
347,La Capu√±ay,EstherCapunay,7853,708,6,11
348,EMIYA,Faker_of_Fuyuki,43,402,1,8
349,Daniel Andres Layseca,dlaysec,383,719,5,5
350,Alfonso Talavera,AlfonsoTT,73,1058,8,4
351,Juan Ruiz,JuanRuix9,15,155,0,7
352,Jorge Luis D√≠az Guer,CocoDiazG,4,90,7,4
353,El Chico de las Redes,ChicoDeLasRedes,84,406,0,10
354,Antoniotirado2018@gmail.Com,Antoniotirado23,3,222,0,4
355,jamille alvarado,AlvaradoJamille,5,16,0,3
356,Carmen Mendoza A.,cmamendoza,4441,1672,8,5
357,Richard LIZA,Richard_Liza,1138,3412,6,11
358,INGRID VERA,ingridcit,44,109,9,2
359,David Herrera Ch.,Davidherrerach,284,1902,7,8
360,Melissa Cosm√≥polis,Melocosmopolis,442,718,9,5
361,JESUS BERNAOLA OFICIAL,RBernaol,37,320,4,8
362,Miguel Salazar,Salazar_Vidalon,325,988,6,0
363,Mayra Calder√≥n,Mayra_Calderon1,244,390,2,9
364,Isabel Agurto,isabelagurtom,584,2095,7,5
365,democrata,eduaraliaga71,236,1061,2,7
366,elizabeth,elizabe54959986,5,59,0,3
367,nataly,nataly21550100,13,35,0,3
368,Ricardo,Ricardo26021452,1,15,0,3
369,Roberto Vieira,RobertoVieiraPP,50,1223,0,4
370,niqui yam,SodaXtreme,292,993,9,5
371,Miguel Chicoma Koike,MiguelChicomaK,560,1699,8,5
372,Transparencia,ACTransparencia,256826,2498,9,0
373,uras,urasperu,135,352,5,5
374,Claudio Vargas,ClaudioVargasTV,523,695,4,9
375,Edircom Per√∫,EdircomPeru,2813,4220,2,3
376,GRUPO ARK.LEVA,GRUPOARK2017,53,766,1,6
377,DSV462,DanielS46260697,32,1022,5,8
378,joanna ramos rodrigu,joannaramosr,407,629,7,4
379,Meki,KarinaPaz10,120,288,6,10
380,IDEA Per√∫,IDEA_int_Peru,3539,908,2,6
381,Yamila Osorio,yamilaosorio,35578,1384,6,10
382,Exver Ricardo,ExverPaz,350,880,5,1
383,JuniorsCh.Rosales,JuniorsCHRosale,91,940,7,3
384,Diego,dhorna,282,1245,8,6
385,Ing Ra√∫l Iglecias Hern√°ndez,ingraulxzautla,177,2116,0,4
386,Mateitoelunico,mateitoelunico,6,109,2,3
387,Martha D. Mel√©ndez M,Madame36,5342,5143,8,10
388,Franco Boggiano,BoggianoFranco,204,534,5,10
389,Revista NBE,RevistaNbe,1593,3088,0,6
390,Edwin Donayre,GeneralTerrukeo,30,160,0,3
391,Raul David,RaulDav14547662,10,317,0,4
392,Sara Vasquez  Rodrig,sara_nefita,11,106,3,7
393,Jon Wong,JonWong50720662,1,21,0,3
394,Lucho C√°rdenas-SomosPer√∫,LuchoCardenaSMP,33,434,0,3
395,Milagros Sotil,MilagrosSotilE,198,694,4,7
396,Vero Bechara,BecharaVeronica,74,477,2,10
397,Santiago Calderon,SaCaOro,120,709,8,9
398,CHRISTIAN YATACO AVALOS,christianyataco,97,1216,8,9
399,kevin Cornejo,kevin16727013,32,203,0,5
400,Opina sobre tu candidato,Opina_Candidato,102,574,0,4
401,Huku,huku_pe,120,546,0,8
402,Paulo Billy,PauloBillyFC,279,1037,6,11
403,DS Tama,Tam78129,16,451,7,2
404,Luis Enrique Baca,LuisEBaca,81,1012,2,0
405,johny chavez,Johnychavez33,270,2540,8,5
406,Ernesto Jara Del √Ågu,ErnestoJaraDelg,841,4994,4,6
407,Carolina Arce,carolinarcenet,21,229,5,3
408,Germ√°n P√©rez,gapssed,166,1127,8,6
409,Leonardo Lamas,inge_leonardo,13,148,1,2
410,AgriUrbanaRosario,AgriUrbanaRosar,2689,3625,6,7
411,tadeo barraza,TadeoBarraza,116,1452,4,7
412,Rafael Guarderas Rad,rafogura,116,251,3,10
413,Prisma ISO 9001,prismaconsultor,41211,40981,8,10
414,Sandro Mairata,smairata,2774,4953,9,6
415,Salvemos Gamarra,SalvemosGamarra,12,175,1,5
416,Giovanni üáµüá™,giolegua,49,1326,6,3
417,Gianmarco Lu L√≥pez,LuGianmarco,48,33,2,11
418,Gerardo T√°vara,gmtavarac,6340,2583,6,9
419,Mikel888,mikel_mikel888,14,896,0,4
420,Ren√© Zubieta Pacco,renezp,2154,511,8,10
421,Juan Ramon Zolla,juan_ramon_z,251,1297,1,5
422,Annie!!!!,anita0501931,20,111,3,10
423,Bea Peschiera,BeaPeschiera,126,582,2,4
424,Luy Guillen Ô£ø,Luy_Guillen,46,247,3,5
425,Martin Caceres,MartinC2x,32,132,0,7
426,Andres Devoto Ykeho,AndresDevoto,946,2536,8,4
427,kiko vergara,kikovergara4,4,77,0,8
428,Milton,Milton19740,329,2090,0,4
429,Diana Mamani,DiaMamani,8,103,0,4
430,Carlos,andre1116_,22,756,0,4
431,A. Fernando Neyra P.,afneyra,1471,3118,7,0
432,miqelanqel,miqelanqel,140,847,7,10
433,Antonio Baca Mahuad,camellolibanes,2279,1614,8,1
434,Red Innovaci√≥n,Red_Innovacion,5071,5469,5,7
435,Eduardo Cervantes,EduCervantes6,2,43,0,5
436,GiulianoB,gerenciag3,57,365,5,3
437,Fernando Alva,Fernand76949034,0,1,1,1
438,Daphne Caruana G.,CaruanaDaphne,195,1650,0,6
439,Actualidad Ambiental,actualidadspda,25010,1758,9,2
440,LALO VILCAPOMA VASQUEZ,LALOVILCAPOMA,139,1519,4,5
441,Pierre Carrasco,SPierreCarrasco,70,671,5,7
442,REGENERACION PER√ö,victorgonzalesa,184,4922,8,2
443,Natacha Montilla‚òØ,chatana84,687,1042,8,9
444,V√≠ctor Manuel Quispe Carazas,vquispec22,108,1957,1,10
445,Danitza Leyva H.,danitzaleyva,967,1986,8,3
446,Monalisa a los 40,MaryAsgard,1578,3734,6,10
447,Antonio L√≤pez Valladares,antonlvofficial,683,4981,6,1
448,NESTOR PARI,nestorpari2018,3,68,0,5
449,Juan Alberto,juanmachucapiz,50,996,0,5
450,veronica Lozano,veroloz20,4,43,7,10
451,Rayser Smith,RayserSmith20,9,40,3,2
452,Rocio Fernandez de Paredes Ch.,Romalu25,17,108,0,7
453,Giovanna Prial√©,giovannapriale,1245,1274,6,7
454,MQ,MQ25450796,4,162,0,5
455,Gina Galvez Surco,GinaGalvezSurco,47,126,1,2
456,GuillermoMeini,gmomeme,54,322,8,6
457,J&A Publicistas Asociados,JA_publicistas,5,20,5,5
458,Karlita M,KarliMondragon,30,597,0,7
459,Lilü¶ã,lfiorella29,197,621,6,6
460,Rommel Calderon,RommelCalderon3,15,96,2,10
461,Alonso Gonzales,AlonsoGonzalesU,275,2445,4,3
462,Gabriela,Gabriel41563861,2,40,1,0
463,Lu√≠s Cuadros,lfcuadros,52,976,8,4
464,Alejandra ‚ú∫,Alejandrahuagi,224,930,4,8
465,Gerardo Aliaga,gillin17,542,1231,7,8
466,Olga,olgacabaneras,7,134,2,0
467,MOZOS A1 PERU,A1Peru,161,4279,0,8
468,kathiavp,kathiavp1,0,228,0,5
469,Percy C√°rdenas,pcardenask,9,254,5,8
470,bruno üáµüá™,displicente_999,54,540,0,8
471,Eliana,Eliana12883320,1,265,0,5
472,abel alberto,abelalberto1992,10,188,5,4
473,Arte. Detalles,ArteDetalles2,7,196,0,6
474,Ana Mar√≠a Dulanto,AnitaDulantoS,22,49,6,5
475,Joldin Stiven ,JoldinStiven,7,48,5,5
476,ALEJANDRO BOLIVAR HU,ALEJAND07145226,93,2208,0,11
477,Alfonso Zavaleta,alfonsozav,10,758,4,4
478,Lib√©lula,LibelulaPeru,5671,3709,4,8
479,El Ciudadano,El_Ciudadano,281389,74859,10,4
480,nandoch,FernandoChamaya,148,306,10,1
481,Marko F√©lix,markofelix,1413,660,8,10
482,Star Waska,starwaskalima,227,1046,0,9
483,LA Network,La_network,9399,2400,2,7
484,Josefina M,Josefina_28,6206,2002,8,10
485,Isabel Vega,Isabelvg90,5,164,0,7
486,L√≠der - Lima Sur,Lider_LimaSur,13,234,0,5
487,Walter Rosell√≥,walter_rosello,5,40,0,7
488,"Wilbert Maluquish, ThD.",WilberMaluquish,2018,1726,7,9
489,Horacio Bustamante,Horaciobustamte,5,39,0,6
490,Silvia Guerrero,silviag58,7,317,1,11
491,Andres Sanches Orbegozo,OrbegozoAndres,0,9,0,6
492,Almendra Lopez Villalobos,Alme127,2,41,0,6
493,Emily Rojas Artica,EmiRoArt89,2,10,0,6
494,Daniel Olivares,danielfolivares,425,581,7,6
495,David Alexis,davidalexisliza,187,800,6,10
496,Mamour,seymamour884,402,4050,2,9
497,Ch√≠o La Rosa,chiolaro,4337,2278,8,9
498,Luis De La Quintana,luchindelaq,868,3128,6,2
499,dl_dise√±o_interior18,DisenoDl,32,346,0,6
500,Alexander,AlexanderGc137,55,444,0,9
501,ROGER VARGAS,ROGERRogerwvv,14,182,4,6
502,Leslie,Leslie57696728,5,206,0,6
503,Daniella Bejarano,danabejarano,715,2895,7,5
504,DEPOLITIKA.PE,DePolitikaPe,3786,6203,1,5
505,Maria,Maria29971259,2,122,0,8
506,PattyLR,Bubla96Celi,15,125,4,9
507,Termometro Municipal,TermometroMuni,39,101,0,6
508,Observatorio de Pol√≠ticas P√∫blicas para la Ciudad,Obs_ciudadpucp,501,567,0,6
509,Ygor C√°ceres,ygorcaceres,130,560,9,1
510,Keimi,Keimimomo,13,236,4,1
511,Natividad Gomez,natividadgomes,2,62,1,8
512,Jonathan Castro,jonathan71b,33517,28278,8,4
513,edmundo rios pita gi,edmundoart,55,295,8,9
514,CareBabyCenter,CareBabyCenter,34,239,0,6
515,Gissely alvarez,gissely_alvarez,1,34,0,9
516,Carlos Basombrio,CarlosBasombrio,103892,5419,8,0
517,Alejandro Lamas,Lamas2018,16,60,0,6
518,Gustavo Cesti C.,gustavocesti,66,176,7,7
519,Per√∫ Libertario,PeruLibertario,21,77,0,8
520,Deresac,DeresacPeru,5,84,0,7
521,Adolfo Ram√≠rez Lavado,AdolfoRamirezL,767,287,7,3
522,Livia Fl√≥rez,FlorezLivia,3,52,0,6
523,Erik Contasti,ERIKCONTASTI,3969,4392,8,7
524,Karen Flores D,karenuchas,61,710,8,4
525,SNP Per√∫,SNP_Peru,6089,1375,4,10
526,Sheyla  Rivera Ogosi,sheylacomunica,251,924,8,0
527,Awk33,ggawk33,886,3929,8,8
528,Juan Jos√©,carbusol,5,101,0,10
529,Jorge Luis Mendoza T,mesarbi,35,81,7,7
530,Miriam Romainville Izaguirre,miriamroiz,1029,2612,7,9
531,Rodrigo Campod√≥nico,rocampc,6,199,0,7
532,Luis de San Miguel,luisdesanmigue2,63,508,0,8
533,Mauricio Berr√≠os,mberrios2001,111,722,7,9
534,Kevin Latil,KevLatil,63,414,7,0
535,Coco Caballero ‚àû,Cocodrilo1987,356,617,8,2
536,Jaime Bautista C,jaimebautistaco,1369,2271,7,6
537,Marina Castro,MarinaC10267366,9,47,0,7
538,Alejandro Salas,volvemosalatir,16,104,0,7
539,Marice Rivas,MariceRivas,29,223,6,5
540,lunandre,lunandre1,14,170,0,8
541,Ytala,Ytala81604157,1,36,0,7
542,Mustafa H. Zahid,mustafahzahid,194,482,7,5
543,La Eka Sangucheria,La_eka_delivery,2,108,0,7
544,J. Camacho32@outlook.com,camacho32_j,4,289,0,7
545,Yanixa Honor,YanixaHonor,20,186,2,1
546,Reportero24,Reportero24,835032,918383,8,6
547,Monique Pardo Gayoso,moniquepard,52939,20639,8,4
548,Edda Bellina Burga,EddaBellina,2421,1384,5,7
549,Per√∫  Red Vial,PeruRedVial,61,389,0,7
550,Darlyn Carbajal,CarbajalDarlyn,132,2044,1,1
551,El Dossier,eldossier_peru,86,874,1,4
552,MIRELLA_27_05_90@HOTMAIL.COM,MIRELLA270590H1,11,86,0,7
553,Rob,robgampue,170,731,6,0
554,Paolo Bravo ‚Ñπ,paolobravo,100,473,7,7
555,William Rodriguez,Carlos246143,1,22,0,7
556,DoctorMalicia,DoctorMalicia,96,457,5,9
557,A1,Alvaro_V_D,273,1802,7,6
558,Josem,josem0303,167,2018,2,6
559,Tito Pullo,titopullobcde,65,485,0,8
560,Jes√∫s Raymundo,DoctorTilde,3691,1119,8,5
561,Maria Isabel Novato,MicaellaNovato,376,990,2,11
562,Raul Oviedo Camacho,SITOBUR_Oviedo,750,2176,6,7
563,Carlos Avalos,carvalos33,1729,1188,5,11
564,Habla Vago,VagoHabla,3040,567,1,11
565,Jorge Rojas Alvarez,Jorge_Rojas85,184,1298,2,3
566,Raul Tapia Diaz,vtapiad,27,141,7,3
567,Giulio Valz-Gen,criticosentido,616,1413,7,7
568,CLAUDIA MAR√≠A HERN√ÅNDEZ,claudia_mho,16590,605,6,10
569,Linda Lecca,LindaLecca,994,73,2,10
570,Agente Inmobiliario en Chiclayo - Peruüáµüá™,Agente_Peru,400,4725,2,11
571,Marco Lagunas,markolagunas,175,1105,2,1
572,Patricia Azcoytia,PAzcoytia,41,387,5,11
573,Fernando Guerrero Zafra,onestreetspirit,308,1374,8,11
574,Beatriz Romero,RvcRomero,44,193,3,8
575,Luis Echegaray,andoporfe,352,1114,6,9
576,paula quiere al peru,paulaquiereperu,81,496,2,7
577,Hans  Seijas Rodriguez,H_Se1jas,88,1730,0,7
578,Michel Hoffmann I,MichelHoffmannI,79,1425,0,11
579,Bernardo Zegarra Guti√©rrez,BernardoZegarr3,38,1413,1,2
580,ADPRODUCE PER√ö,adproduce,233,1219,0,9
581,Otto Gonzales,OttoGonzalest,1,73,0,7
582,ùñ≤ùóçùñæùóâùóÅùñ∫ùóáùóÇùñæ ùñπùñæùóÄùñ∫ùóãùóãùñ∫,szegarram,454,783,6,11
583,Daniel Arnao Salas,darnaosalas,40,184,4,3
584,Bruno Freddy,Bruno_as28,49,266,3,1
585,Layla,Ma__Fermina,141,524,8,9
586,Jos√© Canales,joseLuisCanal18,5,101,2,5
587,Juan Carlos Gonzales,JCGonzalesA,5776,1357,6,2
588,JC,JC14061225,12,619,1,0
589,Ayme Torres Matos,aymetorresmatos,2,46,0,8
590,Javier,JavierOpinaAlgo,0,42,0,8
591,john,joncin86,2,39,0,10
592,Guimaray_sialer,GuimaraySialer,3,212,0,8
593,Carolina Dabdoub,carodabdoub,22633,1911,7,8
594,Sandra,Sandra67474897,2,110,0,8
595,MarkoJK,MartinAdan258,51,3009,2,4
596,German Diego H.D.C.,GdiegoHDC,43,249,6,11
597,Elias T.motta Osorio,MottaOsorio,3,356,0,8
598,Gilda Alvarez,Nichisac,40,256,5,1
599,Paulo Corvett,CorvettPaulo,24,176,1,0
600,Gina,Gina_2456,590,2623,7,0
601,RonalH,RonaltHeredia,70,255,7,4
602,Luciano Silva Alarco,ChanoSilva,168,1840,9,6
603,Catherine Ruiz,Catherineruizv,25,489,1,8
604,jose francisco,josefra85908087,12,267,1,3
605,Creepykai,Creepykai_,47,93,7,2
606,Rosario Ang√©lica,RAngieMC,46,1479,2,5
607,raul vento,ventoraul1,7,111,5,0
608,Luis Neyra Solorzano,Luns2212,4,227,2,4
609,Mart√≠n Chau,tinchafer,104,415,8,2
610,Jtzabl Ar,Jtzablar,126,1308,0,11
611,LIMA PARA TODOS,LimaParaTodos_,1109,721,8,4
612,Jesse Su√°rez,jessesuarez,206,1284,9,3
613,Roser,rosercita,9,1284,7,3
614,Mauricio Ni√±o,MFelidae,115,945,8,0
615,Fernando Melgarejo C,FernandoDeBien,22,64,7,1
616,MarcoTrigoso,marco_trigoso,7,412,0,8
617,Beto Lloc,luisquispell,154,1354,9,0
618,Nelly C,NellydelCarmen,144,4632,8,6
619,Paula,payitargv,86,542,8,6
620,Marianela Chipana,mchipanad,283,3569,8,10
621,Olga Lucia Ortiz,OlgaLuciaOrtiz,7,69,8,10
622,Kuenmay,Kuen_may,20,336,5,6
623,Salom√© Torrin,SalomeTorrin,16,286,0,9
624,Ernesto Roberto Candela Alva,robertocandela,337,1335,8,5
625,Jorge Ram√≠rez Sosa,Jorge031276,54,1330,1,8
626,Augusto E. Baz√°n,augustobazanper,45,104,8,0
627,Mart√≠n Hidalgo,martinhidalgo,122660,2202,9,5
628,Jesus Alberto Zapata,zapataalberto1,17,538,6,5
629,Sandra Ordo√±ez,SandraOrdonez62,1057,1549,4,4
630,Shafira,shafira17,564,2337,8,10
631,Hanna Houdali,houdali,559,4972,1,0
632,Omar,Omarcinperu,169,892,6,9
633,Claudia D√°vila,ceci09876,70,507,4,10
634,A L F I L E R,alfiler_,175,934,7,7
635,Alan Lapa,alanlapaperu,469,1574,7,0
636,Maziel Moreyra,MazielMoreyra,71,747,7,9
637,Chevile Rodr√≠guez,ChevileRL,57,561,7,3
638,daniel rodriguez,beconomista,629,2960,8,3
639,Armando Orbegoso,OrbegosoArmando,140,1244,5,8
640,Paul Abanto Merino,Santosmer,339,4503,9,3
641,Carilina (:,CarilinaAlvarez,61,816,6,4
642,Edu Quintanilla,eduperu03,514,4544,2,2
643,Harvey,Har150196,9,161,1,9
644,Master's TUTOR Lima,masterstutorlim,0,170,1,7
645,James Mendoza ‚ôúüå±üå±‚ôú,JMendozah_89,162,873,2,11
646,Luis Cueva,lecuevam,7,406,5,5
647,Iv√°n Cabrera,ivanecabreram,16,490,4,0
648,Carlinho Vilaxa,cvilaxa2004,49,417,5,3
649,juan de dios alcca livimoro,DeAlcca,10,329,0,8
650,Javier Vel√°squez Quesqu√©n,JVelasquezQ,86528,760,7,10
651,Drea L√≥,aaneals,41,205,8,4
652,Ingrid Roeder,IngridRoeder,0,3,3,11
653,Juan Jimenez,cachupin2,108,326,7,11
654,nelly alvarado,nellyflora,337,1862,8,0
655,ROMMEL P CALDERON,CALDERONROMMEL,25,106,5,11
656,Andrea Olivera B.,andreaOB2,57,178,6,5
657,Esteban Mandujano,EstebanMand1970,4,67,1,0
658,Maril√∫ Beingolea,MariluBeingolea,132,200,5,7
659,Vilma Bonilla,VilmaBonilla16,2,91,0,10
660,Marcelo Gonzalez,chelo19_96,190,1226,7,3
661,HUGO SERRANO,Hugo_gsc1,522,4133,6,1
662,Sergiocastromonte,Sergiocchaparro,22,422,6,11
663,Biblio Espa√±a Artes,ArtesBiblio,92,1279,0,10
664,Graciela Aguilar,gmaguilarfalla,342,1661,8,8
665,ruddy cabrejos ramos,RuddyCabrejos,3,128,3,7
666,Rsaaaa,rsaragon1,0,44,6,0
667,William Iba√±ez,williamibanez30,40,132,3,8
668,angie estefany,estefanyangie19,7,217,0,10
669,Alexis TITO üáµüá™,alexistitom,44,1162,1,9
670,Mauricio Ram√≠rez,mauramirez6,141,1591,8,5
671,Opbar78,opbar78,12,482,1,9
672,Luis Paz,leps_96,37,1335,0,10
673,Jorge Marquez Chahu,jorgemarquezch,895,3264,9,4
674,Maritza,50maritza,41,235,8,3
675,Omar Espinoza,omares25,133,472,6,3
676,Matty Carrion,mattycarrion,15,148,5,11
677,OSITRAN Per√∫,ositranperu,41624,693,8,6
678,Maria Victoria,mvtadndlt,0,11,3,9
679,Miguel Otoya A.,plumaymadera,59,1023,1,11
680,Comunidad Andina,ComunidadAndina,9913,670,8,10
681,Rivera,JORGE_RIVERA_P,349,2164,5,10
682,Socios Creativos üáµüá™,scpaginasweb,226,2171,0,11
683,Propuesta Vecinal,pvecinalperu,259,266,2,0
684,Aym√© Ross Estrella Z,AymeEstrella,19,305,0,10
685,Max Silva Alvan,silva_alvan,102,487,2,3
686,Hugo Serrano C.,HugoSerranoC,552,4681,6,6
687,Cristian Gamarra,cris_grone,28,802,6,7
688,Taktikos Digital,velaverdeperu,35681,670,5,7
689,Susy,Susy06976661,1,63,0,10
690,Kattlem De La Haza,DeKattlem,0,63,0,11
691,Oscar Cifuentes,cifuente_oscar,9,96,1,2
692,Martin Jose Cardozo,MartinJose2017,4,89,1,2
693,Alexander Chavez,Alexreiven,384,847,6,1
694,Miner√≠a con Futuro ‚òò,MineriaFuturo,4007,1141,5,3
695,Berenice Urtecho,bere_urtecho,36,680,3,1
696,jenni peni,jennipeni,375,1123,7,2
697,Nayo Arag√≥n,nayoaragon,25,246,3,7
698,vileonardo,vileonardo,59,1446,8,1
699,CAP2018,JPA91054326,24,229,9,5
700,Oscar P√©rez Torrez,oscarabp,77461,24342,9,1
701,Distrito La Molina,LaMolina_Lima,1,87,0,10
702,PULSO MUNICIPAL,PulsoMunicipalI,65,215,0,11
703,Luisa Palacios,LuisaPalaciosS,990,543,8,3
704,Rene Delgado Barrera,renemad,74,689,7,11
705,ManuelCruzado,ManuelCruzado22,0,31,0,11
706,Sara,saramf2108,0,47,2,0
707,Gabriela Hijar,Magahir,53,546,9,3
708,Memo Trelles Pe√±a,MemoTrelles,67,742,2,3
709,Bruno Odar,BrunoOdar,19487,1454,6,3
710,elinquisidor,InquisidorPeru,16,330,0,11
711,MARCIA,MGuizabalo,396,185,8,9
712,Ysoline Lopez,ysoline_lopez,30,78,1,1
713,Sara,Sara09437519,1,42,1,0
714,Luis,luisitoperu84,5,97,0,11
715,Stefanny Alvarado,29_Stefanny,187,1143,6,4
716,√Ålvaro V√°squez,AlvaroVasquez99,14,65,1,11
717,Pulso Municipal,PulsoMunicipal,137,446,0,11
718,Luis Garcia,lugar20092,376,1450,6,8
719,Diario El Peruano,DiarioElPeruano,45651,231,2,11
720,Adriana Narv√°ez,adriynarvaez,73,753,6,2
721,Beto Portocarrero,betoskatin,109,1651,9,0
722,Dr. Javier,Dr_Javierm,7,229,1,1
723,JFUSTAMANTE,JFUSTAMANTE,129,1038,8,4
724,Jean,jeancastr721,9,211,1,2
725,Jimmy Chinchay,Jimmychinchay,125910,998,9,0
726,Carlos Cabrejos,CarlosCabrejos7,12,128,1,4
727,Karito Arag√≥n,Camila91840537,6,81,1,5
728,Silvana Pacheco,silvanapachecoc,1268,1259,6,11
729,Johany D√≠az Silva,Johany29193611,11,60,1,0
730,ALCOLOCK LATAM,AlcolockCO,1000,2838,2,10
731,Rodrigo D√≠az,RodrigoDiazCF,93,268,7,4
732,Paul Calle,pcalle10,125,3099,5,6
733,Biblioteca Nacional üáµüá™,BibliotecaPeru,9298,1567,5,9
734,Dicon,idegeal,58,4107,1,5
735,ricardo mamani C,manic_ric,33,591,7,1
736,Diego Vergara,_DiegoVergara,892,2620,9,3
737,Roc√≠o,cchioch,144,758,9,3
738,Narciso Rodr√≠guez,Divo52253148,1,93,1,2
739,SOLVIVIANAMAR,SOLVIVIANAMAR,2,83,5,3
740,Rafael,Rafael230874,96,207,7,2
741,R,rafo4_2000,0,1057,7,5
742,INCA INNOVA,INCAINNOVA,387,2789,1,2
743,Roberth Jonathan,RoberthJonass,1950,2388,7,3
744,Nico Sava,NicoSava3,4,73,1,0
745,Aisha Gaddafi,Aishaqashi1,65,0,1,0
746,Molivecinos,molivecinos,25,28,1,1
747,Edison,edisoncachaym,135,903,4,5
748,Portal Encuestas,Encuestaspe,541,2818,1,0
749,Gabriela Pachas,PachasGabriela,7,15,1,0
750,karen mayra,karenmayra16,2,128,1,0
751,Elizabeth Garay Q.,egarayq,256,832,4,6
752,Geraldine salas,geraldinrsp,440,854,8,5
753,VibroRex,vibrorexperu,261,569,1,7
754,ANTIFEMINISTA PERU,AntiFeminismo,855,4144,3,9
755,Pamela,PamCondeCampana,2,138,1,0
756,Mariluz Santana üáªüá™,mariluzsantana,328,1278,9,1
757,carlos price,carlosprice3,20,85,5,10
758,Montajes Peru SAC,MontajesPeruSAC,262,1936,1,2
759,arturochumbemuneüáµüá™,arturojhonchumb,274,4954,7,7
760,Salvemos Vidas,segvialsalvvida,52,61,1,1
761,Ricardo Alarco,veli64,288,473,9,2
762,Augusto Perales,aperalesperu,4,76,9,4
763,Ricardo GM,RickyGonzalesM,87,1566,8,7
764,REY,REY4411,282,2722,8,9
765,Cieneguillano,cieneguillano,2,18,3,3
766,Lucidez,Lucidez_pe,8683,1597,4,4
767,Agencia Andina,Agencia_Andina,488569,2217,9,3
768,carlos franco,sociocarlos,333,285,5,6
769,Javier Morales,JavieMorales,87,232,8,8
770,Nido Corazoncitos,NidoCorazoncito,3,87,1,1
771,Haydee Gutierrez,HaydeeGP,88,386,7,10
772,Gianni Rengifo,giannirengifo,1038,1846,6,9
773,Francisca,ccfranciscaa,10,212,1,10
774,üîéRealOmarüáµüá™,on_esPeru,651,1795,6,11
775,Jhonatan Ricalde,JhonatanRicalde,17,29,1,10
776,NI UNO MENOS PERU,NIUNOMENOSPERU,88,2785,1,1
777,Circovid,circovid,48,1971,9,1
778,peruana5000,jaccymacedo,43,935,4,11
779,AlcaldeTuits,AlcaldeTuits,8,118,1,2
780,CandidatoTuit,CandidatoTuit,29,191,1,1
781,Luisa Vargas Pe√±aher,luisamvargas,584,789,8,11
782,Mariafe Vinatea,VinateaMariafe,5,58,1,1
783,patricia,patricialunari6,9,143,2,10
784,Alipio Paquirachi,AlipioPaquirac1,2,46,1,2
785,MATTHIAS,matthiasgott,127,324,7,1
786,raffaella,r4ff4r4v3,0,118,1,2
787,Betssy,Becky_812,81,325,1,5
788,Gobernanza,GobernanzaPyG,438,1909,1,6
789,masivos masivnyi,MasivosM,9,28,3,7
790,JOSE CARDENAS (Tim),josecard10,326,1090,6,2
791,Nancy Gudiel,NancyGudiel2,1,65,1,1
792,Jorge Meza Vidal,JorgeMezaVidal,17,362,5,5
793,Francisco Fran,Francissepp,31,1576,1,3
794,Sim√≥n Ortiz,SoySimonOrtiz,3,28,1,1
795,Per√∫ Natural,perunatural,615,975,9,5
796,Sara,Sara57485389,1,57,1,1
797,Luis Ernesto Mar√≠n,lemarin82,326,1199,9,0
798,equiposyproyectos,equiproyectos,171,2994,1,5
799,Gustavo Reyes,gusavo_reyes,7,64,4,4
800,Mario Solari,chagosolari,67,763,9,2
801,CiudadanosObjetivos,ciudobjetivos,10,58,1,11
802,Giancarlo Baronio,gblperu,117,803,7,5
803,Gina,ginabardelli,6,95,3,4
804,RedGE Per√∫,RedGEPeru,1658,2029,4,2
805,esdras r baldeon hua,r_baldeon,49,612,3,8
806,Edy Huertas V√°quez,edy_huertas,30,94,7,5
807,FIRME,INDUFIRME,25,176,1,7
808,Deborah Rodriguez,Debysiu,35,338,5,6
809,Juan Carlos,holaliveman,104,486,7,3
810,Ricardo A. Castillo,ricardoamadoc,6423,5895,8,2
811,sol carrera,zonzons,42,261,5,1
812,F√°tima,fatt_d,89,675,3,1
813,Nuria Rodr√≠guez,NuriaRodriG28,77,524,1,2
814,Mirtha Nu√±ez,MirthaNuez16,1,72,1,2
815,jesus,jesus2520026,1,78,1,2
816,Elvia Lizbeth Sramos,elviasramos,292,453,4,9
817,Cremoladas Angelica,angelicacremola,268,350,4,9
818,Sandra Boza Pomar,SBozaPomar,35,26,4,5
819,Dr. Alvaro Pelaez,pelaez_dr,163,402,3,8
820,TodoComunicaOrg,TodoComunicaOrg,752,4577,2,0
821,Lima 2019,Lima2019Juegos,11583,3778,2,2
822,mary carmen purizaca,MaryPurizaca,527,2367,3,0
823,Todoimpreso Grafica,todoimpresoperu,91,2192,4,11
824,Karen Corcuera,KarenC217,665,2467,8,9
825,Lorena Salaverry,Atilacontacos,167,1195,1,5
826,Kenji Terukina,KenjiTerukina,424,844,5,5
827,cinthya delgado,cinthyadelgado,1948,909,9,3
828,M. üå∏,maryorith36,289,1221,4,7
829,Jorge,motoamor,430,2673,9,1
830,Mariano,Mariano62206617,18,641,1,4
831,Vero Ferrari,veroferrari33,4913,4565,5,8
832,Eduardo Guti√©rrez S.,aleph105,108,1240,8,9
833,Franklin Reinaldo ,VeReinaldo,285,4992,3,2
834,CARLOS RIOS,CALINRIOS,186,1641,5,6
835,Capitan Saco Largo,sacolargopisado,89,1783,1,7
836,Juan Lazarte,juanlazartec,56,157,7,4
837,ASH,AbelardoElias,311,1788,8,5
838,Juan Carlos Sarmient,JuanCarlosSC,50,738,8,11
839,MIRYAM,miryambet,76,1025,6,11
840,Camilo Cerron,CamiloCerron,27,572,6,5
841,Jhon Gonzales,jhongonzales122,91,858,1,3
842,Carlos Glave T,glave_t,253,828,6,0
843,Geomar Pacheco R.,GeomarPacheco1,736,3374,6,4
844,Marcos Montes Bejarano,72Vencedor,88,486,4,9
845,Eddy U.h,EddyUh2,12,186,1,2
846,üáµüá™ Juan Chirin√∂s,_juan_chirinos,494,1076,6,11
847,"Alfonso N√∫√±ez, PMP",alphone50,1235,4057,8,11
848,Mario Moreno,Rmoreno_12,408,1332,6,2
849,M√≥nica Ch√°vez P√©rez,monicaperu1,566,2743,7,0
850,Moises Zevallos V,MoisesZevallos,428,3103,8,5
851,Fiorella Cruz P√©rez,fiorecruzp,2571,1184,8,1
852,Isa,IsaGonzalesa,3,85,1,2
853,Ecr,gmeccc,226,545,1,9
854,juankis,huaykiyki16,5,245,8,4
855,The King Of Jeremy,VirTusProX,988,4574,1,4
856,yadira rosario,yadira2144,20,481,4,1
857,julio ernesto,jecm284,49,767,3,3
858,Hern√°n Garc√≠a R.,hernanGarcia68,112,301,2,11
859,Pel√≠culas Cheveres,Carlosmonzonv1,66,435,1,8
860,khuchytanta,khuchytanta,6,62,1,2
861,Guillermo P√©rez,guillermoenuso,2375,4275,8,9
862,odinan,gladysodicio,69,550,8,0
863,Richertd,Richertd2,34,682,1,5
864,Claudia Salas La Serna,ClaudiSalas,792,2629,10,0
865,VIDEOS CHEVERES,videocheveres,1181,2836,4,0
866,maria elena tueros,ElenaTueros,0,356,1,5
867,AgenciaTrujilloPress,Trujillo_Press,276,2532,1,6
868,nancy rodriguez hule,6canarios1,484,4993,4,1
869,Rosario Gratelly,ngratelly,220,1266,6,9
870,ADRIAN LEVIS ISUIZA,adrian71739645,14,197,2,9
871,Rodrigo Chillitupa,RodrigoCT_94,152,1447,8,5
872,PEDRO MEJIA BRICE√ëO,pedmeji,694,4597,5,5
873,Marco Luque,m_lkr,133,138,7,10
874,LaFuerzaDelCambio,Laforcechange,10,123,1,4
875,Edgard,edoled,182,1236,8,4
876,Belen Bellido,wwwxBelen,66,1176,4,8
877,Carlos Luyo Euscate,cluyo,437,3262,8,1
878,Orlando Alexander,oalexander20,112,2417,2,6
879,Sex Pistols,MemesPendex,461,1113,3,1
880,ale Mart√≠nez,AlendrinaChombo,148,953,2,3
881,Gamer Counter Strike,GamerXCounter,363,4843,1,2
882,Make Up Art Peru,up_peru,11,169,1,4
883,EPG Studio,ArqErikaparedes,283,691,2,3
884,lumia Ashley naysa,AshleyNaysa,82,1242,1,2
885,SI-SUNAFIL,VAMOSISUNAFIL,209,694,1,4
886,Claiver,Claiver00120506,4,308,1,3
887,julio,chucho196,131,167,8,7
888,Ricardo Alva M.,RALVAMARTINEZ,6200,4141,8,6
889,Agenda 2030 Peru,Agenda2030Peru,645,1457,1,3
890,crart,crart2,12,175,4,6
891,Luis Gustavo Ramos C,CGustavitooroya,111,1632,6,2
892,Prensa Solar,PrensaSolar,37,643,5,4
893,Diego Valencia,diego1508xd,175,505,3,11
894,Hector Raul,raulizagui,1,150,1,3
895,jhair,jhairB2,10,97,1,9
896,Belleza,yuri7vanessa,63,477,6,6
897,Mavila Huertas C,MavilaHuertasC,20342,970,1,2
898,Alessandra ZR,zr_alessandra,4,228,1,3
899,Luis Antonio Silva,LuisAntonioPeru,201,2597,9,3
900,F.Pozo. Casas,FicoPozo,20,46,6,10
901,Cristian Sangama,sangama78787,308,1099,1,3
902,miguel julian gomez,migueljulian022,4,110,3,10
903,Jose Luis P.W.,josepw23,78,760,3,6
904,DANILOVILCAGALLEGOS,daniloavg,112,3020,1,2
905,JCAC Ingenieros,jcacingenieros,297,1020,2,0
906,Jorge Valencia,jorgevalen2011,39,486,3,8
907,CARMEN INGAROCA,carliz_ia,2,305,7,10
908,liliana,lili_031,18,900,8,1
909,Chsjd Chiclayo,chsjd_chiclayo,385,4746,1,3
910,Foncho Celi,AlfonsoCeliCha7,93,1409,1,10
911,Flor Tafur,FlorTafur1,12,116,1,3
912,David Uscuchagua Riv,RivUscuchagua,2,117,1,3
913,Franco Paolo,FrancoP39283425,6,113,1,3
914,Kenny Martin Tello,kennymartin22,42,727,6,7
915,Sonia Obregon D.,SoniaObregonD,593,1206,7,1
916,Pedro Pacheco Sullon,PedroPachecoSP,264,489,6,3
917,Se√±ora S,saritacan,175,1288,8,6
918,Jose Alberto Valdez,JoseAlbertoVO,7,36,1,2
919,JONATHAN H MADUE√ëO,JhMadueno,37,570,8,0
920,Jose Arellano Leon,JoseArellanoLe1,23,598,1,3
921,paul vasquez montoya,paulsise191,68,1433,2,8
922,Melika üå∏üåôüå∏,melika0205,82,244,9,2
923,En Ruta Tu Paladar,EnRutaTuPaladar,19,72,1,7
924,Sigrid Baz√°n,sigridbazan,88612,2403,9,2
925,BBSolutions,BBSolutionscl,39,364,1,2
926,M√≥nica Aybar,MoniquitaAybar,0,16,1,2
927,Maribel Rond√≥n,MaribelRondn1,30,96,1,2
928,Junior Cano,JuniorCanoCh,191,619,8,3
929,Miguel Falcon D,MiguelFalconDX,10,47,1,2
930,Jes√∫s Figueroa,jfvilla_1607,3,119,1,2
931,Gerardo Lescano,yayolescano,269,1883,6,2
932,Luisgarsy Gsrs,luisgarsy,7,103,1,2
933,ana rosa,anarbp_01,24,245,5,5
934,Luis Alberto Moreano,AlbertoMoreano,4,73,1,3
935,Linda Cachay,LindaCachay,409,1729,3,0
936,JCPRE - Organizacion,JCPorgsocial,147,964,2,9
937,Diana,Dianang2020,7,82,1,4
938,EL TIMUYKILLO,timuiki,172,1764,5,8
939,luis alberto,luisalb20305133,19,9,5,10
940,carloscabreratorres,carlos1955,364,2085,9,6
941,Sara Rafael Acu√±a,HBINVERSIONES,6,81,1,5
942,Marbs Parties‚Ñ¢,MarbsParties,27053,18288,5,5
943,GUSTAVO RG,RG_tavito83,8,206,7,0
944,Carlos Zafra Flores,Carlos_Zafra,978,1365,7,6
945,Jabru,TITOCOCO7,104,861,5,9
946,Angelica Cordova,angelicagc001,3,55,1,3
947,DINO LOPEZ,dinor1108,1,65,1,3
948,AlezanDROP,eneatipo9,439,1855,9,3
949,Fernando Leyton,Frlya,1177,1057,8,8
950,Tacna_Peru,Tacna_Peru,1805,1654,9,1
951,Eduardo Estrada Ch.,eduestradach,28,58,4,6
952,Jean Lazo,JeanLazo3,4,41,1,11
953,Paulo Caffo,paulocaffo,203,921,8,6
954,Memo Gonzalez,Memo_QPro,1966,3238,2,6
955,Juan El√≠as,JuanEliasX,17,88,1,3
956,Mu√©vete San Juan,msjperu,26,258,1,4
957,somos peru tacna,somosperutacna,12,60,1,3
958,Gan@M√°s,GanamasRevista,3502,953,4,11
959,Alzheimer y Demencia,TipsCuidadores,40538,38685,6,7
960,paul erick,paulho8,10,327,6,10
961,VOZ DEL CONSUMIDOR,LAVOZDELCONSUM,1090,4964,1,9
962,PEATONES LIMA,peatoneslima,923,753,4,11
963,Luis Gustavo Garcia,LuisGarciav32,40,331,7,5
964,Antonio Lozano,Asgerlog,63,120,8,4
965,Guillermo,SilvaGuilllermo,15,490,6,4
966,Luis Nu√±ez,SIMONBECKER40,131,1125,7,2
967,Bestias Al Volante,BestiasAlVolant,21138,2378,5,5
968,Roxana,rrsebas,1690,1429,7,1
969,lobo Descarreado,lobodescarreado,8,358,1,10
970,alejandro ya√±ez,alex_yaez,312,769,7,9
971,Ivan Garcia,ivangar75,10,45,1,4
972,Carlos Tomasio,ctomasio,724,879,5,4
973,Edgar Olivera Calle,eoliveracalle,278,532,6,11
974,Mily,mily_acj,42,293,7,0
975,Ricardo Monz√≥n Kcomt,rmonzonk,869,1282,7,10
976,Tendencias Lima,TendenciasLima,11887,246,4,7
977,Radiomiraflores.tv,Rmiraflorestv,6393,3106,4,11
978,Per√∫ Accesible,PeruAccesible,924,398,9,2
979,Mary,marbute22,398,1762,7,7
980,Jos√© C. Vargas,JCVarguitas,224,899,3,9
981,Vecinos La Molina,vecinos_molina,13,31,1,4
982,Daniel Romero Rospi,danielromeror23,115,400,4,4
983,MaCTec Per√∫,mactecperu,860,612,3,1
984,Isabelita,Isabelita120,195,1123,8,5
985,Miguel Guerrero,MIGUETWITY,223,325,8,0
986,Angel Arba√±il Villar,aarbanil,283,319,8,7
987,Shirley terrones,Shirleyterrone2,35,104,1,6
988,Pedro Manayay,pedromanayay,58,917,7,10
989,Patty Roig,pgrl29,230,1605,9,3
990,DespiertaLima,DespiertaLima,1157,607,3,3
991,Buenfil D√≠az,diazdise,11,50,1,4
992,Oscar Paz Campuzano,OscarPazC,495,705,9,3
993,Pedro Riquelme,pedroriquelmet,87,468,7,9
994,Humberto Pantigoso,hpantig,1731,2269,6,8
995,20/18,2018Ntv,28647,1078,6,8
996,Ciudadanos Lima,CiudadanosLima,8,199,1,5
997,Amalia Deza ¬©,amaliarebelde,737,1484,4,5
998,Proyecciones √© ideas,fernandoalmagr4,72,1040,3,6
999,Mariana Rios,Marianarios1403,4,58,1,4
1000,Jon Wong Aguinaga,jon_aguinaga,2,3,1,4
1001,Miguel Aguirre Rey,luis_maguirre,41,271,3,4
1002,Brayan Genek,brayan_genek,260,4859,1,4
1003,Alex zevallos,Alexcatgameing9,15,379,1,9
1004,Salud2018,SaludPeru2018,97,258,1,11
1005,Superguachiman,superguachiman,16,60,1,4
1006,Ciro Carrera,cirocarreras,13,68,1,4
1007,CARLOS VARGAS,carlosavar,20,111,1,4
1008,Lima la Gris,LaGrisLima,16,68,1,4
1009,Coliseo Per√∫,coliseoperu,15,75,1,4
1010,Mauro,Mauro77193241,3,64,1,4
1011,Guardianes del 2018,guardianes2018,12,59,1,4
1012,Geoservicios R&C,GeoserviciosRyC,8,289,1,5
1013,Amanda Del Carpio,amanditadelc,47,250,1,4
1014,gabriela sandoval,ceygaemy,82,176,8,8
1015,Hablemos La Verdad,LaHablemos,1,32,1,4
1016,Juan Guillermo Wong,Juanguiwong,63,158,7,3
1017,pch,pchm1980,5,152,5,2
1018,Dorothy Takamoto,DorothyTakamot1,9,31,1,4
1019,Christian Zapata,ChristianZV0,389,2416,4,6
1020,Lucho Angulo,luisaurelioangu,18,450,7,9
1021,Carlos Socola Giron,socola_carlos,1,32,1,4
1022,Rafael Chiroque Luna,RaffoChiroque,35,216,1,4
1023,Socorro,Socorro86425859,28,584,1,6
1024,Gino Gutierrez,ginogd2,111,686,3,11
1025,Walter Acosta V.,wacosta21,1842,761,9,10
1026,Carla Campomanes,CarlaCampomanes,37,72,5,2
1027,Augusto Ayesta,augustoayesta,6241,2061,9,5
1028,Milagros Garc√≠a R,Myla_GR,283,614,7,8
1029,claudia zuniga mejia,claudiapzmejia,21,140,6,10
1030,Andrea Sanchez Ames,andreapierina,62,110,7,5
1031,Jennifer,Jenniferoz2,27,86,5,9
1032,Hugo Montoya,hmontoya55,18,127,4,5
1033,Giovanna,giotoku,24,231,4,4
1034,Katherin Pantoja,KatherinPantoja,31,233,7,3
1035,marita salazar,zoapperu,1,24,6,3
1036,PERLA,MARITA_PEA,157,283,7,8
1037,Julissa Incio,julissaincio,6,72,1,11
1038,Ra√∫l Ospina Tenicela,raul_ospinat,9,386,7,11
1039,claudia  valencia,claudiaval_,1,2,5,11
1040,Sandra Bonilla,sguiulfo,49,187,4,10
1041,Iris Torres,IrisTor17,10,49,2,3
1042,Ronald Cruz,roncrux,812,3065,8,1
1043,Kike Vicente,Kike_S7,114,1384,5,6
1044,gabriela  fl√≥rez,gabrielaursula,51,174,8,9
1045,Vane ita,vcabelloc,35,118,3,11
1046,Adolfo Obregon,aobregon2,139,222,7,2
1047,manuel guerra,Manu18Guerra,8,112,2,7
1048,Nancy Gudiel,NancyGudiel,212,202,7,11
1049,Normita Norma,Normitajy,10,329,4,11
1050,monica,monicapanez,162,722,8,8
1051,Mariana de las Casas,Marianadlc4,29,146,8,0
1052,Jose Luis Urbano V,jlurbanov,33,573,1,5
1053,Franco Verastegui,fveraste,131,185,6,11
1054,Coello Abogados,EstudioCoello,117,147,8,0
1055,geoger pinedo,geogerpinedo,142,1131,3,10
1056,Homero Diaz Delgado,HomeroDiaDel,38,119,1,9
1057,C√©sar Castro Falcon√≠  üáµüá™,CastroFalconi_,996,2506,7,5
1058,JULIO VILCHEZ TORRES,Julio_vilchez,5376,3321,7,4
1059,Noticias Twiter,Noticias_Twiter,1540,3869,4,10
1060,Anac√©,anacenh,229,978,9,2
1061,Alberto Velasquez F,betovf40,214,903,5,5
1062,wilber mendivil garc,wilber1303,0,100,8,0
1063,Judith Torres,Torres_Judith,69,90,7,8
1064,Ralph S√°nchez,ralph_s_,379,848,8,7
1065,Mary Pinto,PintoMarys,96,249,6,5
1066,Felipe Torres,efetee2000,100,198,6,5
1067,C√©sar V√°squez,cvasquezsanchez,731,450,1,11
1068,susana salas,susanapalmira,22,133,6,2
1069,Violeta Alzamora,AlzamoraVioleta,4,8,1,5
1070,Franco Mori Petrovic,VoyaserFranco,1489,1104,8,3
1071,Valeria Diaz,valeria_27_95,65,245,9,2
1072,Mpetterson,servilogistica,12,489,8,10
1073,su,susana1209,22,380,9,1
1074,LaPr1meraCOM,lapr1meraCOM,15,189,2,2
1075,Ô£ø Bet Criollo Gamboa,Macbet4,378,505,8,7
1076,Nati,naty_girl21,613,1355,7,9
1077,Carolina,Mami_alRescate,1059,1366,9,10
1078,Gabriela Gamero,GabrielaGamero7,18,169,2,5
1079,Maureen moncur,maureen_moncur,9,53,2,3
1080,Marco Ancajima Olaya,marcoancajima,66,181,7,1
1081,PETER HENNINGSEN,peterbmx,1272,452,9,4
1082,2RuedasPeru,2RuedasPeru,17,100,1,5
1083,Luis Garate,LuisGarate10,9,99,1,5
1084,Mariela S√°nchez G.,MonicaGuitton,222,280,8,3
1085,Giselita,Gcabrerojas01,9,102,6,5
1086,ClinicaZegarra,DrFrankZegarra,142,1492,4,11
1087,Kevin Nu√±ez,SraRaul,37,1009,2,2
1088,Canal TV Empresa,CanalTVEmpresa,287,2188,4,3
1089,diana z,DianitaZD25,14,114,3,2
1090,Fiofio,lafosha,218,1052,9,4
1091,M√≥nica Filio,FilioMonica,2,74,1,5
1092,Lili,1205herrera,8,77,3,1
1093,Hilda Chaccha,HildaChacchaS,1278,1559,7,7
1094,FiorellaCh√°cara,fiochacara,15,298,9,3
1095,Luismarso,Luismarso,110,602,8,0
1096,Gianella G√≥mez,GianeLego,10,165,1,6
1097,ANA BAY,ANABAY1,38,164,9,1
1098,Fanny R,fanroses,25,44,7,11
1099,datoobjetivoperu,datoobjetivope1,2,202,4,3
1100,Mois√©s Diaz,AquinoMoiss,180,228,5,6
1101,Natalia Rodriguez,NatiMichi,34,208,8,3
1102,DECOCO,decocoedu,647,3276,3,6
1103,Giacomo Giribaldi,giaqui03,3,109,1,6
1104,Jhonatan,jhonatan3825,38,2641,3,2
1105,TuTicket Per√∫,TuTicket_Peru,3167,3016,7,2
1106,lucho cardenas,04Luiscardenas,76,210,4,7
1107,Gardel Rengifo Vela,VelaGardel,4,184,2,8
1108,FloresdeVida,RoxanaVidalon,0,115,2,3
1109,Angela RN,Angelita_RN,207,831,8,2
1110,flakamp,flakamp,7,120,6,11
1111,Chu Avi,avi_chu,5,1226,4,3
1112,Matty Zelaya Burga,MattyZb,74,146,7,0
1113,Per√∫-Retail,peruretail,7585,8321,7,5
1114,Rafael Poblete,RAFOPOBLETE,476,3132,4,4
1115,Nelson Parra,kzasutil,119,2114,3,8
1116,Maribel Quijano,marikokynico,2,56,1,7
1117,Elizabeth,dubrovnikperla,0,96,6,1
1118,Ingrid Roeder,lobecumibro,3,12,4,0
1119,Juan Vilchez Salazar,francisco_vilch,17,140,1,7
1120,Jes√∫s Flores,JesusFCardenas,74,1314,9,1
1121,Tierra Per√∫,tierrape1,443182,1119,9,4
1122,üòç,boredboredx2,1,105,1,7
1123,J.A. Illescas - Mentoring,mentorenmkt,436,2610,2,5
1124,JValdez,jvcvaldez,8,191,7,4
1125,Belmont Alcalde de Lima,BelmontALima,67,451,1,7
1126,Julio Nicolas Varias,JulioNicolasVa1,5,86,1,7
1127,Christians Aguirre,christians_cat,38,208,5,2
1128,Charles Rodr√≠guez üáµüá™,Chajles,28287,4451,9,5
1129,Manuel Custodio C,machi105752,403,1043,8,7
1130,RUBEN HERRADA,Papillupi,158,481,8,9
1131,Melissa Peschiera,MelissaPeschier,63984,1077,6,4
1132,Roberto Rojas,jrrm76,350,426,8,10
1133,Ursula Pinedo,urpinedo,4086,4990,7,8
1134,JM Guerrero Orbegozo,estoicopower,12,64,4,9
1135,Roberto Carlos Romer,roberto20015807,72,713,3,10
1136,Carlos Palomino,CPalominoArias,7,179,1,8
1137,MiguelOff,Migueloff65,161,557,7,3
1138,Katia Duharte M-P.,KatiaDuharte,5487,2354,8,5
1139,manzaneda,Raul_Manzaneda,464,516,9,5
1140,Miguel Castillo,mcastilloverano,53,311,4,1
1141,Alfredo Adultito,AlfredoAdultito,34,338,2,3
1142,Retama,Retamaycielo,75,420,2,1
1143,RoyerNeiyergutierrez,royerneiyerguti,18,308,1,8
1144,Petunia,MariaIs25713942,20,215,5,4
1145,Gerardo,JackVene,0,80,1,8
1146,Ediciones Altazor,edialtazor,3,95,1,8
1147,Valdez San Borja - Somos Per√∫,ValdezSanBorja,377,90,9,2
1148,@xlchild,andres75pe,37,141,3,8
1149,Soberoramirezjavier,Soberoramirezj1,3,90,1,8
1150,Ma. Angela Zeballos,mazeballos,130,92,6,8
1151,Cesar Romero,DatoCesar,3038,5000,5,6
1152,franc√∏,mylifeasfranco,444,1883,8,10
1153,Alejandra Aguilar,Aleeaguilar,145,582,9,5
1154,Luren,lurenSanchez,4,91,1,9
1155,nancy retuerto,nancyretuerto,130,400,7,4
1156,Leo Lazaro Centeno,Kennedy_Gut,115,435,4,7
1157,Any,lidiasanchezll,49,374,1,9
1158,Corresp. Emergencias,CorrespEmerg,120,677,4,2
1159,Memes Pol√≠ticos Per√∫,memepoliticope,9393,602,4,1
1160,Janeth Liz,vargaschaconja2,18,128,2,0
1161,Elisa C√°mara,elisacamara_r,40,750,2,2
1162,Alvina Ruiz,alvinaruiza,34645,779,6,7
1163,Christian Fern√°ndez,xtiandp,200,842,8,8
1164,JACKY,jackyleon20,39,204,2,1
1165,Jhosselyn C√°ntaro,jhosselyn301,21,314,3,5
1166,Diana Vel√°squez,DianaVelll,41,315,7,8
1167,Parlamento Andino,Parlandinoperu,201,416,1,9
1168,Jeannette Llaja,Jeannettellaja,4821,1932,8,4
1169,Kelly Manchego,kellyjumz,4,121,1,9
1170,Pamela Tabatha,PamelaTabathaCC,3,39,2,7
1171,Juan Pablo,jpamendiola9,36,269,5,7
1172,Hanna Vega,hannasony111,165,663,2,4
1173,Se Siente Per√∫,SeSientePeru,66,196,6,1
1174,se vienen los globitos ¬Æ üéà,fernando3982,25,841,4,10
1175,Marita Molinaüáµüá™üçä,TuKuyRiKuy4,5203,1909,6,1
1176,MaribelMirkalaZarate,MarMirkala95,60,872,1,10
1177,ALEXANDER ZAPATA,AlexLuigi714,249,590,6,4
1178,Eudaldo C√°rdenas,Eudaldocardenas,13,66,1,10
1179,Mashua Publicidad,MashuaPeru,18,240,3,10
1180,Alexander Ordo√±ez,ordonezpreciado,108,532,5,8
1181,Santiago Guevara Per,buenofelizguapo,16,308,1,10
1182,Manuel,ManuelFranco_97,135,1068,1,11
1183,Kevin nigel,Kevinnigel6,81,4723,1,10
1184,Luis Palomino,lpalominomirand,44,248,8,8
1185,Clau,clauditapitot,13,349,2,9
1186,Jean Pierr Avalos,AvalosPierr,2,49,1,11
1187,Am√©rica Noticias,noticiAmerica,2571058,1252,9,1
1188,Prensa Somos Per√∫,psomosperu,274,90,5,0
1189,Pedro Jorge,Pedritojota,5,366,4,6
1190,Patricia Quispe V.,pquispev,2305,2216,9,6
1191,fernando c√°ceres,RosellCACERES,810,3056,5,6
1192,Raul Garcia,r_garciav,18,602,8,1
1193,CatSandra Bustamante,CatSandraBusFlo,23,62,3,0
1194,Bernardo Almenara,bern_almenara,135,257,9,1
1195,POOL CLEAR,pool_clear,74,132,2,0
1196,Carlos,carlostamani,332,1272,8,9
1197,Vane!,vanetocon,61,97,7,7
1198,leoncio vilca canaza,leovilca1958,2,109,2,1
1199,Mike RV,mikerv80,35,698,7,1
1200,Janet Condor,shannett,275,2568,7,0
1201,maria suarez gomez,Masugo10,2,100,2,1
1202,Rita Legonia,RitaRlegonia,47,247,3,7
1203,Angello Gutierrez,elangellos,891,1523,9,0
1204,LuisVera,veravalencia01,384,1573,5,10
1205,Puertas Autom√°ticas,perudoor,1144,4190,9,1
1206,Victor O. Chamaya C.,VictorChamaya,497,1627,7,7
1207,henry murillo,xXhenryX,6,60,8,5
1208,Walter L√©vano S,walevano,177,928,6,11
1209,Amelia Bera√∫n,Abezeg,115,602,7,9
1210,Conciencia Planeta,concienciaplan1,14,101,2,4
1211,Carmen Esther M.,m_cmonjarazp,13,281,4,10
1212,Jordi Zavala,jatz18,361,1996,6,11
1213,Aranza Lira Delcore,aranzasoloconz,748,777,9,2
1214,Luisa Maribel,LuisaMaribel10,3,91,2,5
1215,Luis Chugo,luischugo,30,84,7,10
1216,CESAR CANDELA,opinioncandela,1241,1179,8,0
1217,Shants‚ù§,ShantallUribe,33,151,4,5
1218,claudiakitty,claudiakitty79,2,421,7,2
1219,ONDE,OndePeru,325,4433,2,6
1220,CESAR HURTADO,hurtadocesarr,1556,2706,5,1
1221,shivibv,sbazanv,28,219,6,6
1222,fred wong,fredcitowong,7,39,2,7
1223,Danny_R0bles,supervisiondan1,17,35,3,11
1224,Miriam Sanchez,MiriamSanchezCh,141,316,5,8
1225,Claudia Franco,ClaudiaMFrancoM,137,314,2,11
1226,Kit Urbano,kiturbano,9073,3637,5,1
1227,Naomi G√°lvez,naomigaloli,13,133,2,7
1228,Adriana Guzm√°n,adrianaguzgar,74,406,2,9
1229,Patricio Jaramillo,PatojoJaramillo,197,236,7,3
1230,PMP,Aled307,8,171,4,10
1231,Andr√© Dur√°n,andredurang,48,192,5,3
1232,ICPG,InstitutoICPG,3486,4561,3,0
1233,guido,guido_mpj,2850,1517,7,1
1234,naida,Naiditayuma,7,81,2,10
1235,Bertha Jimenez,berthaosita,1,4,5,9
1236,MILTON GAMARRA BRACO,MILTONGAMARRA76,75,1358,8,2
1237,Iann Marie Lissa,iann_marie,55,415,9,5
1238,ELIZABETH GUZMAN SAN,eliguzsan781,22,277,2,10
1239,Dr. Edgar Hidalgo,EdgarHidalgo_MD,221,1757,3,1
1240,Gladys Garamendi E.,GladysGge,81,1195,3,2
1241,Mayra,mamurillor,54,1682,6,3
1242,Mari Cruzado,Maribelita18,100,107,9,0
1243,CESAR,JUSTICENOWPERU,12,279,2,11
1244,Idice del Per√∫,IdicePeru,323,85,2,11
1245,NOTICIAS DEL PERU,NewsDelPeru,6664,7323,5,4
1246,Liliana Zeballos Oli,gouryellax,83,361,9,4
1247,HENRY_LOPEZ,escueladevalore,955,1005,9,2
1248,belder  velasco huam,BelderH,120,1302,5,10
1249,juancaperu,jcarrillo579,7,36,3,0
1250,Jorge O.,JOC_OLIVOS,141,361,8,2
1251,yomq,yomq,133,212,10,4
1252,MD Ferrera,ERIKFERRERA,165,1486,4,8
1253,nathalie duymovich,paomeno,7,204,5,3
1254,Linda Guzman,LindaGuzmanGil,253,1609,3,0
1255,Elenita Herencia,elenitahr30,207,460,5,1
1256,Allyosha,Allyosha,286,673,9,4
1257,Renato Hooker,renatuh15,705,895,6,6
1258,workonline,myworkonline,189,923,3,1
1259,Fernando Villanueva,princereignspe,7,76,3,1
1260,Francisca Navarro,panchinh1,23,11,4,6
1261,Margot,mallma_margot,19,61,3,8
1262,Katerinne Martinez,27_katita,110,500,6,11
1263,camila leon,camilaleon21,5,112,6,7
1264,MOS,VIOLISO,1333,4493,8,4
1265,Sergio,sergiogoldin,1,39,7,3
1266,F.H.,fernhef,5,139,5,10
1267,Start-Ups.Co,StartUpsGreen,34934,95182,4,7
1268,Marcela Salazar,marce_salazarr,53,619,3,8
1269,katia,katzz44,72,207,4,3
1270,Jean Paul panez,JeanHuer,168,376,6,0
1271,Environment Ontario,ONenvironment,25635,1517,7,11
1272,Andres Buendia,andresbuendi,377,1210,5,3
1273,Fiorella Lopez,rfiorellalopez,171,377,8,9
1274,patty mechan,mechan_patty,1,131,4,1
1275,Munimolina,Munimolina,13541,1685,7,8
1276,Jennifer,JmJmoc,23,124,5,10
1277,betsy,betbardales,77,427,4,4
1278,Gonzalo Noriega,Gonzalo7477,38,553,8,2
1279,Eduardo Bedoya,Tecnicadeventas,1475,2314,6,9
1280,Parroquia NSR,ParroquiaNSR,848,158,6,5
1281,Enzo Vergara,EnzoCops,321,978,9,1
1282,Simex,SimexMexico,411,3090,9,4
1283,Marisol Cuadros,marisolcuadros,402,1677,9,0
1284,Maria Raquel Serna,mariara24,549,644,8,6
1285,Jaime Saravia Torres,Josejaimesarav1,64,1187,3,6
1286,Carlos Andr√©s,carlosicecold,114,596,7,7
1287,Mar√≠a Elena Velarde,MaleVelardeB,188,562,7,5
1288,numemvatesd,numemvates,98,295,4,0
1289,Wendy Martinez,WendiMF,186,425,8,5
1290,ADI,adiolaechea,82,742,8,3
1291,Patas Arriba,patasarriba4,104,116,5,5
1292,Magda Quispe Chumpitaz,Magdaquispe,2599,2107,8,7
1293,Carlos Bessombes,cbessombes,1345,1041,8,3
1294,Joaquin Rivera,Joaquin94114605,2,2,3,7
1295,Melina,melinamarquezs,40,221,3,11
1296,Walter Gaspar Alcose,GasparTaxi,0,39,3,8
1297,Gustavo Sierra Ortiz,grsierrao,1195,1631,7,4
1298,silvia due√±as,silviaduenas,13,105,7,7
1299,elconsultor,ginomagan,97,254,7,3
1300,Walter Landeo,WalterLandeoG,51,119,8,2
1301,Ivan,Cajachagua,99,618,9,2
1302,La m√°s indecisa,lamasindecisa,108,1990,3,9
1303,Magda Terry,magdaterry,728,1196,8,5
1304,Claudio Iturrizaga,Claudifero,65,480,9,4
1305,kreamarc,kreamarc,10,343,3,9
1306,Willy Vergara U.,willyvergarau,145,377,5,9
1307,Jose Luis Orbegso,jorbegoso,80,422,9,9
1308,CSI LA MOLINA,CsiMolina,41,238,3,10
1309,Martin Romero Flores,MartinRomeroF1,19,196,3,11
1310,Jenny Vegas,jvgaldos,32,186,6,5
1311,Xarito Su,xinalady,147,748,8,1
1312,killer poet,JeanArthurRambo,8,330,6,2
1313,LUIS JHERINSON,JHERINDLG,62,116,8,5
1314,Tepha Brisset  üëÖ,StephaniaBrii,3,90,3,11
1315,Fabio Talledo,FabioTalledo,247,1147,7,6
1316,Augusto Acosta B.,AugustoAcostaB,335,1082,7,3
1317,Luis E. Aranda FB,Leafb68,244,2373,8,6
1318,Andr√© Orihuela,rasecerdna,654,486,8,4
1319,Ricardo Abad,rabad74,30,278,8,5
1320,AUGUSTO bernardillo,REYAUGUSTO,530,1812,9,3
1321,Marisel,vmcoello,70,210,7,6
1322,shaulla ingar rivera,shaulex,15,82,8,5
1323,Juana In√©s Montes H.,InsJuana,15,32,4,11
1324,claud,pituficlau,9,35,7,9
1325,TheNudeBomb,rgalarzav,18,419,9,3
1326,J. Francisco Huerta,JFranciscohd,10,127,5,10
1327,AMANDA,AMANDA6086,14,98,8,6
1328,Carlos Fern√°ndez,cfernand100,221,1191,7,8
1329,roberto carlos nu√±ez,Rnq3087,162,2109,6,4
1330,Adriana Cerna üëë,adrics01,51,188,4,11
1331,Auo aooia,rodalbah,4,87,7,11
1332,Victoria Delgado,libroparabuddy,1194,2879,8,11
1333,Diana Flores,flores_fz,347,883,6,1
1334,Ju Huapaya Misha,jhmisha,647,146,6,8
1335,Satomi Icochea,satomiicochea,12,102,4,4
1336,jose carlos,Josecarloscs10,41,913,4,10
1337,miluska soleil,milu_soleil,26,463,5,5
1338,Milagros In√©s,milagrosinesli,110,436,5,4
1339,ü¶í,kathmadge,478,1267,6,6
1340,ana herrera,anariv2001,58,358,7,6
1341,Danissa Zurek,DanissaZurek,4,11,4,0
1342,Milagros Ramirez,mili_ramirez,52,27,7,0
1343,Sari Arze,sariarze,371,1946,8,9
1344,Joseph Merino,josephmerino,871,1830,9,0
1345,Luis Miguel Chavez P,luis_chavezp,151,1161,7,10
1346,Denis Berrocal,deni_berrocal,1580,909,7,2
1347,alonsoaguayo,alonsoaguayo,422,1376,9,8
1348,FRANK CV,FRANKCAVERO,32,464,9,2
1349,nando1914,Lucho1914,64,931,9,1
1350,Carolina P,carolina_par,69,296,8,11
1351,Laura Hidalgo Salas,La_Monshe,49,496,8,7
1352,Sandy,SzapataSzg,1,23,4,0
1353,Lorena Trigo Herrera,lore_2290,69,312,8,11
1354,A las Once,alasoncetv,16158,476,5,0
1355,Milton Tejada,mtejadaf,166,425,7,2
1356,gianfranca canepa,GianfrancaC,19,21,6,11
1357,Julio Lainez B.,juliohernn,208,519,8,1
1358,Brinko,Brinko2,47,253,5,7
1359,jose marcelino salga,jsalgadoagui,11,325,4,11
1360,Israel T√°vara V.,Israel_Tavara,38,166,6,0
1361,Andrea C. Lampen,Andrea_DeLampen,30,428,5,4
1362,Mirkell Anton PE,Mirkell,78,440,9,2
1363,Jimena Moreno,mena_mode,128,246,6,11
1364,Lilia Loo Talla,Lilia_SM_Loo,141,200,6,7
1365,Gallo,gallotech,12,71,4,2
1366,F√°tima Yataco la Fauci,fatima_yataco,580,392,8,5
1367,Angelica Noguerol,angelica_bco,279,571,6,5
1368,gina galvez saldana,ginagalvezs,306,329,5,11
1369,Jorge Valdez,jorge_valdez,476,502,9,7
1370,Karen Mendoza,merahkci,1,30,4,1
1371,La Boca del Mono,LaBocaDelMono,65,498,4,1
1372,joseluislunalastra,pepe1954,16,56,9,4
1373,Edmundo Tejada,TejadaEd,40,124,4,10
1374,ELECCIONES 2014,TuDecidesVotar,116,241,4,1
1375,Victoria Fernandez,victori38826936,4,67,4,2
1376,Carlos Espinoza,carlosespinozaz,71,212,8,5
1377,Paulo P.,Paulo_Ppe,3,60,4,2
1378,JavierMorenoParedes,JMLM_oficial,96,1034,4,3
1379,Judith Lady    ◊î◊©◊û◊ó◊ô◊ù  ‚ô•◊í'◊ï◊ì◊ô◊™ ◊ú◊ô◊ô◊ì,Bonnecruelleme,77,416,5,9
1380,Markos M. C.,CaveroMarMarkos,292,4989,7,6
1381,Enrique Romero Flore,kikovidel,0,4,4,3
1382,Toto Pisano,apisano34,51,440,6,9
1383,cesia claudia ,clau_ec20,20,135,6,3
1384,Rosemary Wood,woodycienta,628,810,7,9
1385,william lara,aguila_lara,126,1491,7,1
1386,LUIS YARASCA PACHECO,totti081089,68,1605,4,3
1387,Lissy,LissyTello,28,73,5,3
1388,Sos√≥ Verde Carlin,soso_182,2246,1289,9,3
1389,edwin,e_yaringano,3,85,4,3
1390,anita martinez,apmm2014,4,78,4,4
1391,Geison Linares,GeisonLinares,1512,3580,8,7
1392,Jaime Aguirre,JaimeAguirreG,38,28,4,4
1393,Mariluz Maldonado,luzdefajardo,0,6,4,4
1394,Juno,GilMiluska,61,786,5,3
1395,Jose RodriguezDue√±as,jrodriguezd,92,488,8,6
1396,jorge cabello,cabello0829,2,13,4,5
1397,Christian Perez,Chris_PerezVera,94,536,7,7
1398,Jorge Sanchez-Perez,jhsanchezp123,300,887,4,6
1399,A las 10,_alas10,1303,406,4,6
1400,emacpherson,lizmacpherson,27,153,7,7
1401,Iter Chile,iterchile,1403,2640,7,5
1402,victor rodriguez,vrodriguez1902,5,75,4,6
1403,Sergio,SergioAnt_81,3,25,4,7
1404,Jack,jackme2020,64,529,4,7
1405,Washinton Osorio Rey,wor1507,2,12,4,9
1406,Iperezdelacuba,IrmaPerezDLC,18,207,5,6
1407,Julio Rojasramirez,Jrojasramirez,375,2055,9,0
1408,Franco German√° Inga,FrancoGermana,234,705,6,9
1409,alejandro,froylanxx,0,95,4,9
1410,Sanys MT,SandraAqG,9,1002,6,0
1411,``eliana ¬¥¬¥,ea_cespedes,58,721,6,11
1412,Javier Iv√°n Arenas,ivancio4,431,2615,7,4
1413,ALMA RUPESTRE,AlvaroQuisPeru,1531,969,5,7
1414,Rommel YG,rommelyg,511,1065,8,0
1415,QTeGustariaEstudiar,QTGEPeru,513,150,6,11
1416,milagros arana caver,milalibia,21,286,4,9
1417,carlos galindo sau√±e,GalindoSaue,3,47,5,4
1418,Lucho Garc√≠a B,condedemaldoror,463,1207,7,6
1419,Sebastian Talavera,SebastianTalav3,201,200,4,10
1420,Giuliana Sanchez,giuliana_psn,123,218,8,3
1421,LAMOLI presenta,lamolipresenta,21,51,4,11
1422,Doris Samaniego,Dorilusam,6,20,4,10
1423,Nathaly Ruiz C.,narle17,46,15,9,1
1424,nicolas,nicolas_chm,6,99,6,1
1425,Respirando La Molina,RespirandoLM,6,11,4,11
1426,Noelia  Yactayo,No3liiia,73,123,7,7
1427,Ricky Giusti,rickygiusti,286,569,11,2
1428,Gregory Urday Ch√°vez,Grekouchavez,199,228,8,8
1429,RENZ(U)A Moreno,RENZUAMORENO,1,51,6,9
1430,Nelly Salazar,mhsalazar0406,14,230,5,1
1431,J√∫an Alzamora,nicckklaus,177,902,7,0
1432,cipriano tacora coa,CoaTacora,15,78,5,2
1433,josabet,JosabetMaqui,0,1,5,1
1434,Sandra Carolina,carolinaburga,23,461,5,2
1435,jean pool,jjeanpoo,442,787,6,10
1436,El Justiciero,jbjusticiero,3,25,5,2
1437,Henry Huaman Paucar,henrysaulh,153,2300,7,7
1438,Mckoll,mckoll,113,370,9,1
1439,Luz Maria Diaz ,Dg97Luz,0,16,5,2
1440,toni,Agui2612,110,937,5,3
1441,PaUlo J .¬∑.,pjdelrio,665,942,9,9
1442,Melany Esteban ,Mel_eb,19,75,6,3
1443,Mar√≠adelCarmen,madeca2404,171,561,6,0
1444,Jpierrem¬Æ,jpierrem,249,639,11,3
1445,Francisco Palomino G,Palomino_Garcia,781,1583,7,4
1446,waldofernando,waldofernand9,3,125,6,5
1447,Vive La Molina,Vivelamolina,18,24,5,4
1448,franchesca vasquez r,ffrannchesca,8,149,7,7
1449,Nathalia Herrera,nathaliahs25,12,246,7,0
1450,Carlos Teves,CTevesG,132,231,6,11
1451,Christian Torres,Imperia_2006,68,204,8,4
1452,Juan Gomez,juango152092,2,116,5,7
1453,Carla Z√∫√±iga,carlazu,95,170,9,1
1454,Mac Protec,MacProtecEIRL,52,156,7,9
1455,Jorge_Ascencion,Jorge_Ascencion,156,749,8,0
1456,Franz Sans,shupetex,19,262,5,5
1457,Romy,romyriji34,24,129,5,5
1458,PAOLO LANOVA,TEATROLANOVA,47,68,5,5
1459,Elizabeth Rosas,Eli_rosas11,125,508,7,5
1460,Doriss,dorisramos10,16,171,6,2
1461,JOSE CARLOS TORRES C,JtorresTorre,11,9,5,6
1462,Juan Fco. Baz√°n Baca,Fbazan4,23,30,5,6
1463,Jorge Montenegro G.,jorgemngs,2,33,5,8
1464,Piero S√°nchez Le√≥n,Piero_SanchezL,194,747,6,3
1465,Dianita,Dianaronu,9,84,5,8
1466,SERGIO RS,SergioRojasS10,71,244,6,10
1467,ApL,ApL140391,2,118,6,6
1468,LP,saboraxocolat,56,171,7,11
1469,FOCO PRENSA,focoprensa,472,1598,7,9
1470,Adita Cisneros,AditaCisneros,91,551,7,11
1471,Ra√∫l,rraul76,82,359,6,7
1472,Arturo Pimentel L,Arturo140391,0,32,5,10
1473,Maria Luisa Mateo ,Marialuisa_md,2,35,5,10
1474,blocknationer,blocknationer,43,674,5,10
1475,Arturo Pimentel L.,Arturo20173893,1,28,5,11
1476,Jose Manuel Castro,JOSEMANUELCA91,205,839,7,3
1477,Milkito,jorgedelpo,647,747,6,11
1478,"Molina, limo y arena",LaMolinalimo,31,144,5,11
1479,DILMER MORENO,Ta1Poe,10,103,5,10
1480,Aracely Vega,AracelyVega92,75,188,8,8
1481,edinsonperalta,edinsonperalta2,2,56,5,11
1482,Katherine G√≥mez,88Katherine,70,131,6,2
1483,Moliverde,Moliverde,16,36,5,11
1484,Ricardo  Meza,riqui_meza,6,72,6,6
1485,Marlene Farre Javier,MarleNutri,127,434,8,4
1486,Renka,Renkka,10,38,6,4
1487,pepe,montes1,102,870,9,3
1488,Onkardeep,JocelynPizarro,300,969,7,5
1489,Lucianne Buckley,luchibuckley,242,480,9,4
1490,Diego Salarey,diego_salarey,272,658,7,10
1491,Jorge Hercilla,jhercilla,31,84,8,2
1492,Marko,MurrietaMarco,844,536,6,0
1493,jose luque,cheo1107,275,295,9,2
1494,Gian Carlo Vacchelli,GVacchelli,9191,2161,6,11
1495,BinaUral Ô£ø,lisettsalazar,476,689,8,6
1496,CIPRIANO TACORA COA,CIPRIANOTACORAC,0,5,6,1
1497,esperanza holguin,chachaholguin,7,60,7,3
1498,Angie AO Ô£ø,CoolturaVoodoo,386,500,10,5
1499,Nicolas rk,nickkrk,1295,833,9,0
1500,ReporteroW,ReporteroW,12442,1113,8,11
1501,Antonietta Ornella,AntoniettaO,253,688,6,9
1502,Peru Clinic Eyes,ClinicaOjosPeru,459,1924,9,0
1503,oscar zemarti,OscarZemarti,227,322,7,4
1504,Jes√∫s Figueroa V.,jesus_159,33,0,9,3
1505,Dino Delgado G.,DinoDelgado,210,721,8,11
1506,GLADYS ILLESCAS,GLADYSILLESCAS,14,103,8,1
1507,Claudine Montalvo,clau_montalvo,375,1544,9,2
1508,D_Or,purplejeis,138,1211,6,11
1509,Junior Carbonel,yhuniorcarbonel,185,1399,7,7
1510,edward dyer,edyerc,1308,1600,7,2
1511,Rocio (sin acento),roxiomilagros,855,2124,10,8
1512,Kelly Bustamante,KellyBustamant1,80,245,7,3
1513,Ronald Gonzales,RonaldGonzalesX,129,371,6,6
1514,Alonso Cornejo,AlonsoCornejo,124,87,7,10
1515,RZR.,refezara,18,184,6,10
1516,Sindicato Innova,SITOBUR,1827,2262,9,1
1517,Ara Ramos,AraVisant,68,340,6,6
1518,Vanessa Isabel Riveiro,Cessna639SP,116,238,6,8
1519,N@tzs,natytal,71,487,9,2
1520,Carlos Fuentes,Parles06,3,115,6,7
1521,Priscilla Paredes,pricoaldia,8156,2053,6,9
1522,Hern√°n N√∫√±ez,hernunez,8581,490,7,6
1523,Henry Franko,Henry_Franko,7,27,9,0
1524,Mariella Ghersi,llelitagp,23,70,8,7
1525,LINNSUE DAYANA,dayana_ac_16,79,602,8,3
1526,sandraceciliaromanro,sromanr,182,2173,7,6
1527,carlos aramburu,caramburuc,887,2280,7,10
1528,Julio C. Quintana L.,JulioCesarQL,448,2193,8,3
1529,+QN,masqnoticias,13940,700,6,9
1530,VILMA CHOIS PIMENTEL,CHOISVILMA,3,3,6,8
1531,karen,karenchitax,16,47,9,2
1532,Jose Mantilla,mvmantilla,126,130,7,1
1533,Dalljp,Dalljp,74,816,6,10
1534,Renzo,zamborja,88,130,8,7
1535,Evelyn Chiroque,trblsmtrnstn,317,1419,9,4
1536,Molinaclick,Molinaclick,29,79,6,11
1537,Jovenes con Rafael,jovenesrafael,6,44,6,11
1538,Carola Perez Gubbins,carolaperezgu,0,5,7,1
1539,Marco Antunez,ANTAR3Z,118,258,8,7
1540,MGM,MariaGracia14,126,254,9,4
1541,Marco Romero V.,Antonio2Marco,20,33,6,11
1542,SEYS Consultor√≠a,seysconsultoria,94,638,8,2
1543,K.S.,ppeelluucchh,50,67,7,5
1544,HECTOR HUBERT LIMO F,HectorLimo,26,98,7,1
1545,Paola G√°lvez Montoya,PaolaGM11,164,213,8,3
1546,XiMENA GOYBURU,XimenaGoyburu,327,310,8,7
1547,Roy Gonzales,RoyGonzalesL,42,202,7,3
1548,Elizabeth,lizpenia,3,62,7,11
1549,Filippo Storino,FilippoStorino,67,91,7,1
1550,adela nu√±ez,adelannn,6,277,7,5
1551,Roiny Chumpitaz,roinychumpitaz,118,620,7,2
1552,maria,isidorotobias,0,6,7,2
1553,Rosario Rios Jimenez,Romariosjime,1,1,7,2
1554,jose luis de la cruz,liderde144,3,5,7,5
1555,Vida de perros,sirenasoyyo,0,13,7,4
1556,Grace Delgado,GraceDelgado1,60,292,7,2
1557,Giancarlo Uchuya,giancarlouchuya,345,426,9,2
1558,Trafico Maldito,traficomaldito,32,327,7,5
1559,Marysabel,11Marysabel11,5,40,7,3
1560,ron,ronz135,0,15,7,2
1561,Atilio,tily75,19,202,7,4
1562,chumichU,luisfernandoU,3,0,8,8
1563,'Botas de Cuero,botazimportadaz,53,502,7,2
1564,angel carbajal callo,pionero210,209,2517,8,6
1565,willian torres cueva,WillianCueva,0,6,7,3
1566,Walter Dyer R.,wdyerod,233,536,7,10
1567,‚ôï La Llama de Lima ‚ôï,lallamadelima,276,1857,8,4
1568,RCPI - Per√∫,redperuana,2283,954,9,3
1569,Aldo Olcese,olcesealdo,279,2179,9,1
1570,sebastian,ssl2050,15,64,7,3
1571,Javier Orme√±o Incio,jormenoi,221,927,7,3
1572,Carlos M√°rquez,elemento5to,7,32,7,8
1573,Adri√°n Ramos Su√°rez‚Ñ¢,AdrianRamos86,435,1832,8,4
1574,PISCO,walkperu,403,2895,8,6
1575,Ricardo Rischmoller,Rischmoller,58,212,8,6
1576,Georgios Patsias,ziogiogio,47,0,9,4
1577,Percy Su√°rez,SuarezInternat,24,135,8,6
1578,Dugald,dpmr29,9,42,7,4
1579,Angela,vargasangela,11,26,8,4
1580,Fernanda Rodr√≠guez,fer_rodriguez_m,97,352,7,5
1581,Silvya Portal,SilvyaPortal,342,267,9,1
1582,Harold Alcarraz,HaroldAlcarraz,97,222,8,7
1583,Alfonso mendoza,Alfonsomendoza,15,45,9,3
1584,KBFilms Koki Bonilla,bonhen66,128,163,9,3
1585,Do√±a Poncha,CarmenRVF,148,579,9,5
1586,Edgar huamani rivas,mdiazmey,2,12,7,6
1587,latin express lavand,latinexpressdry,25,481,7,10
1588,jessica dyer,jessicadyers,200,401,8,8
1589,Luis Ra√∫l D√≠az G√≥mez,lrauldiaz,75,606,8,8
1590,Clara Mas Gonzales,Claireplus,32,183,7,11
1591,Tostao,tostao_peru,1,22,8,7
1592,Genaro Chinchay M.,gchinchaym,137,62,8,5
1593,Carlos La Cruz,andreslacruzv,7,46,8,3
1594,Marcia Montero,marciamontero,382,1729,8,3
1595,mapes burger,mapesburger,186,82,8,5
1596,Nicol√°s Mendoza,NicoMendozadelS,1012,869,8,0
1597,Alexandra Rosales,AlexandraFRA,259,1075,7,9
1598,Mariana Molina,Mariana_59,117,407,8,6
1599,Juan Manuel Oyakawa,juan_oyakawa,36,225,8,7
1600,Jesus,valderjh,24,123,7,7
1601,Luis Casta√±eda Pardo,luchocastanedap,6678,634,7,7
1602,Jean Carlo,J3aNkA,79,617,7,7
1603,Maurice Pellegrin,Mauriceps,370,257,9,3
1604,kiala83,KIALA83,54,151,7,8
1605,BRIAN TUESTA PINEDO,Brian_tuesta,30,200,8,7
1606,Rosa Mar√≠a,rosamariams,145,543,9,5
1607,armoll peru,consultingperu,164,591,9,1
1608,Malu√≥,Macaloole,19,160,8,8
1609,jessica  araujo,jmaraujoa,3,7,7,9
1610,Carla Becerra,carlabecerrav,17,84,7,10
1611,Andrea DP,toqueverde10,7,54,7,10
1612,miriam yenny,covimita,0,1,7,10
1613,Jaime Casso,Jaimeccc,2,3,7,11
1614,Peru Trabajo,PeruTrabajo,3077,3175,8,3
1615,Mayt√© Benavides,maytebenabe,84,377,8,5
1616,Cristina Bonilla,cristinabq,16,0,8,6
1617,willy diaz,liayza,19,68,8,7
1618,anto,0oarenitas,226,1845,8,5
1619,Dale_U_Peru,Dale_U_Peru,610,1791,9,7
1620,Bryan Rosales,BryanRosaless,8,53,7,11
1621,Anthony Chavez,anthonysalva1,6,0,8,2
1622,Shadia Brousset,ShaBrou,678,1229,9,2
1623,Antifans,antifans,1575,2012,9,3
1624,Jose Chavarri,Jose_Chavarri,23897,470,8,0
1625,Xilvia Figueroa,XilFigueroa,864,1470,8,8
1626,Carolina S√°enz,cszcarolina,152,280,8,2
1627,Jose antonio,junior2600peru,82,115,7,11
1628,AleRodriguez86,AleRodriguez86,41,218,8,2
1629,puerto acuario,puerto_acuario,8,2,8,0
1630,Nestor Florez Garcia,nflorezgarcia,9,77,8,3
1631,PuebloLibre,PLteInforma,33,131,8,0
1632,Diana Guevara H.,DianaGuevarita,57,150,8,0
1633,Etiqueta Negra,EtiquetaNegra,216910,6904,9,4
1634,Fernando Cordova,Nando_cordova,58,282,8,0
1635,LUCIANA LEON ROMERO,LUCIANA_LEON_R,349354,44607,9,3
1636,Conciertos Per√∫,conciertosperu,516018,20995,9,10
1637,pame g.,pammmg,14,89,9,5
1638,Flor  Rivera,florcita1,1,35,8,11
1639,Claudet R√≠os,ClaudetRios,269,167,8,7
1640,Krystie Khamsi,krystie_k,3,2,8,0
1641,Calincho,Calinch0,105,118,8,0
1642,Noemi Zegarra,nozesa,30,20,8,0
1643,C√©sar P√°ucar,cegucho,19,5,8,0
1644,La Molina,lamolinanet,11,9,8,0
1645,Midori Akamine,midochan7,167,277,8,1
1646,maycol alberto,mycolsk,24,195,8,2
1647,esteban ebert,stbanchiu,0,12,8,1
1648,Hazen,Hznm,31,55,8,6
1649,Elgatoencerrado,mrm_wise,0,18,8,10
1650,Mariana Echevarria,Mariana_Echv,523,796,8,11
1651,Alvaro Castilla S.,4lvaroCastilla,82,618,8,4
1652,Flor de La Molina,FOTTY01,0,2,8,1
1653,Yuri Aponte,Yurak,68,244,9,3
1654,marisa benitez,marisapy,310,653,8,3
1655,M√≥nica P√°ucar,monicapaucar,61,43,8,1
1656,Jose carlos,corelduu,0,6,8,7
1657,Andrea Garc√≠a,dellazule,1063,2106,9,3
1658,Renzo Rodriguez,Renzorods,92,73,8,11
1659,OSCAR PAUCAR,grupo_adler,114,477,8,5
1660,Guto,GutoZevallos,3,2,8,2
1661,pilar caballero,maripyperu,17,3,8,2
1662,RONALD RAMOS,RAMOSRONALD,4,64,8,11
1663,jose antonio,pezelayita,2,7,8,5
1664,mrpopsicle,Rikrdoxd,106,1531,9,2
1665,Rocio Ramirez,rochifuz,52,164,8,3
1666,Jorge Figueroa,JorgeFigueroaSo,166,718,8,5
1667,james guevara,jameslg_88,36,2,8,3
1668,Heber GR,hgismondi,25,185,8,3
1669,israel edu,VIP300,1,2,8,3
1670,Pesos Pesados,pesospesados,18,29,8,3
1671,Alex Lazo,alex_flv,43,0,8,6
1672,Politicos en Peru,politicosperu,1568,601,8,5
1673,carlos saravia,carlos_saravia,10,1,8,3
1674,Rafael Su-Nobrega,rsunobrega,41,34,8,3
1675,Gonzalo del Solar,GdelSolarV,14,65,8,3
1676,zajnostiko,zajnostiko,171,703,10,5
1677,Ana Luc√≠a Villanueva,minovioestate,18,4,8,3
1678,fernando tateishi,ferntateishi,35,0,8,4
1679,Janeth Fern√°ndez,janethfer1988,416,1738,9,4
1680,Juan Vivanco,el_bicho,89,501,9,0
1681,Yuri Vilca,iruy22xx,5,40,8,4
1682,Roberto Ugarte D√≠az,rugartito,54,85,8,5
1683,Nany,IphoneFan4,42,124,9,5
1684,DENTISS,DENTISSPERU,12,90,8,4
1685,Jenny Aparicio,alsur46k,0,5,8,4
1686,Colegi Aurelio Mir√≥,colegio1140,212,1941,8,4
1687,Erika Cubas,ericubas,6,42,8,4
1688,Aby Arru√©,AbyArrue,130,874,9,2
1689,Carlo Scheelje,Carloscheelje,49,254,8,7
1690,JonasK,jonaskaws,61,162,8,5
1691,Ricardo Ojeda,ricardonest,83,693,8,6
1692,miguel angel,journal03,15,35,8,7
1693,Andres Novoa,andres_di_no,240,1376,8,10
1694,GMSSO,GMSSO,297,954,9,2
1695,Charo,CHARITO_ARQ,727,517,9,2
1696,Carmen Rodriguez,Kammhy,44,75,8,5
1697,Eloy Angulo,eloy316,72,742,9,1
1698,VecinaMolinense,VecinaMolinense,10,43,8,5
1699,alfredo jaime,shattolla,0,2,8,5
1700,Chichina Ferreira,ChichinaF,3,3,9,5
1701,Yo Vivo en La Molina,VivoEnLaMolina,206,15,8,6
1702,Juan Pablo Noel,juan_noel,25,16,8,6
1703,Jaimito,JaimePresidente,416,980,8,6
1704,Reinaldo Magui√±a,reinaldomg70,142,73,9,11
1705,Limamarc,limamarc,632,1152,11,0
1706,Adriana Bustillos,AdriBustillos,149,1224,9,0
1707,Emiriam Delgado,esmiri,155,578,9,1
1708,Carla Rabines,CarlaRDB,5,737,9,3
1709,Cesar Combina,cesarcombina,3074,1287,9,5
1710,Ernesto Vergara,ErnestoVF,296,873,9,4
1711,Voto Voluntario,VotoVoluntario,551,1826,8,8
1712,LA VOZ DEL PERU,VOZ_delPeru,2752,2637,8,11
1713,Peru Walkers,PeruWalkers,151,93,9,2
1714,Juan Pablo Lopez,luzcabien,283,0,9,7
